YEAR,MONTH,DAY,ANIMAL (Specific),ANIMAL (Gen),IS_MAMMAL,TOWN,ROUTE,MILE_MARKER,SEASON,DAY_COUNTER,COLLISION_COUNTER
2004,1,5,Deer - Adult Unknown,Deer,TRUE,DERBY,I 91,175.4,Winter,5,1
2004,1,12,Deer - Adult Unknown,Deer,TRUE,DERBY,I 91,175.4,Winter,12,2
2004,1,21,Deer - Adult Unknown,Deer,TRUE,SPRINGFIELD,US 5,0.48,Winter,21,3
2004,1,22,Deer - Adult Unknown,Deer,TRUE,DERBY,I 91,175.4,Winter,22,4
2004,1,26,Deer - Adult Unknown,Deer,TRUE,SUNDERLAND,US 7,2,Winter,26,5
2004,1,27,Bird - Turkey,Bird,FALSE,BLOOMFIELD,VT 102,1.6,Winter,27,6
2004,1,28,Deer - Adult Unknown,Deer,TRUE,BLOOMFIELD,VT 105,4,Winter,28,7
2004,1,29,Coyote,Coyote,TRUE,WATERBURY,VT 100,6.06,Winter,29,8
2004,1,29,Coyote,Coyote,TRUE,RANDOLPH,I 89,34.05,Winter,29,9
2004,1,30,Deer - Adult Unknown,Deer,TRUE,NEWPORT CITY,VT 191,0.28,Winter,30,10
2004,1,31,Deer - Adult Unknown,Deer,TRUE,SWANTON,I 89,123.9,Winter,31,11
2004,2,1,Fisher,Fisher,TRUE,ROCKINGHAM,US 5,0.36,Winter,32,12
2004,2,2,Coyote,Coyote,TRUE,ROCKINGHAM,VT 103,0.42,Winter,33,13
2004,2,2,Deer - Adult Unknown,Deer,TRUE,HIGHGATE,I 89,124.2,Winter,33,14
2004,2,2,Deer - Adult Unknown,Deer,TRUE,HIGHGATE,I 89,124.2,Winter,33,14.1
2004,2,2,Deer - Adult Doe,Deer,TRUE,WATERBURY,I 89,62,Winter,33,15
2004,2,3,Other,Other,FALSE,WESTMINSTER,I 91,28.5,Winter,34,16
2004,2,5,Deer - Adult Doe,Deer,TRUE,WATERBURY,I 89,62.5,Winter,36,17
2004,2,6,Deer - Fawn Doe,Deer,TRUE,BENNINGTON,US 7,2.1,Winter,37,18
2004,2,10,Bird - Unknown,Bird,FALSE,WHITINGHAM,VT 100,4.3,Winter,41,19
2004,2,12,Deer - Adult Unknown,Deer,TRUE,SHAFTSBURY,VT 7A,6.49,Winter,43,20
2004,2,13,Fisher,Fisher,TRUE,FAIRLEE,I 91,95.75,Winter,44,21
2004,2,17,Coyote,Coyote,TRUE,WINDSOR,I 91,58.1,Winter,48,23
2004,2,17,Bird - Partridge,Bird,TRUE,HARTLAND,I 91,63,Winter,48,24
2004,2,17,Deer - Adult Doe,Deer,TRUE,BOLTON,I 89,72.15,Winter,48,25
2004,2,17,Deer - Adult Doe,Deer,TRUE,CLARENDON,US 7,4,Winter,48,26
2004,2,17,Deer - Adult Unknown,Deer,TRUE,POULTNEY,VT 30,3,Winter,48,27
2004,2,17,Deer - Adult Unknown,Deer,TRUE,POULTNEY,VT 31,0.55,Winter,48,28
2004,2,17,Deer - Adult Unknown,Deer,TRUE,CASTLETON,US 4,4,Winter,48,29
2004,2,17,Deer - Adult Unknown,Deer,TRUE,FAIR HAVEN,US 4,2.5,Winter,48,30
2004,2,17,Fox,Fox,TRUE,MIDDLESEX,I 89,59.25,Winter,48,31
2004,2,18,Deer - Adult Doe with Fawn,Deer,TRUE,ST. JOHNSBUR,US 2,1.2,Winter,49,32
2004,2,18,Deer - Adult Doe with Fawn,Deer,TRUE,ST. JOHNSBUR,US 2,1.2,Winter,49,32.1
2004,2,18,Fox,Fox,TRUE,WINDSOR,I 91,55.5,Winter,49,33
2004,2,18,Coyote,Coyote,TRUE,SUNDERLAND,US 7,2.75,Winter,49,34
2004,2,18,Coyote,Coyote,TRUE,SHARON,I 89,10.95,Winter,49,35
2004,2,18,Fisher,Fisher,TRUE,HARTFORD,I 89,4.85,Winter,49,36
2004,2,19,Deer - Adult Buck,Deer,TRUE,BARTON,I 91,156,Winter,50,37
2004,2,19,Deer - Adult Buck,Deer,TRUE,BARTON,I 91,156,Winter,50,38
2004,2,20,Deer - Adult Unknown,Deer,TRUE,PAWLET,VT 30,6.2,Winter,51,39
2004,2,20,Deer - Fawn Doe,Deer,TRUE,CHESTER,VT 11,0.6,Winter,51,40
2004,2,20,Fox,Fox,TRUE,HARTLAND,I 91,64,Winter,51,41
2004,2,20,Deer - Adult Unknown,Deer,TRUE,BARTON,I 91,155.25,Winter,51,42
2004,2,20,Deer - Adult Unknown,Deer,TRUE,NORTON,VT 114,3.2,Winter,51,43
2004,2,21,Deer - Adult Buck,Deer,TRUE,WINDSOR,I 91,54,Winter,52,44
2004,2,21,Deer - Adult Unknown,Deer,TRUE,NORTON,VT 114,2.8,Winter,52,45
2004,2,22,Deer - Adult Unknown,Deer,TRUE,WILLIAMSTOWN,VT 64,3.06,Winter,53,46
2004,2,26,Deer - Adult Unknown,Deer,TRUE,BRUNSWICK,VT 105,1.5,Winter,57,47
2004,2,28,Deer - Adult Unknown,Deer,TRUE,DERBY,I 91,172,Winter,59,48
2004,2,29,Mink,Mink,TRUE,BROOKFIELD,I 89,40.6,Winter,60,49
2004,3,1,Coyote,Coyote,TRUE,BRATTLEBORO,I 91,10.2,Winter,61,50
2004,3,1,Moose,Moose,TRUE,DERBY,I 91,169,Winter,61,51
2004,3,1,Deer - Adult Unknown,Deer,TRUE,BROWNINGTON,VT 5A,0.04,Winter,61,52
2004,3,2,Deer - Adult Unknown,Deer,TRUE,BARTON,I 91,159,Winter,62,53
2004,3,2,Deer - Adult Doe,Deer,TRUE,LUNENBURG,US 2,3.6,Winter,62,54
2004,3,2,Deer - Adult Unknown,Deer,TRUE,HIGHGATE,I 89,124.1,Winter,62,55
2004,3,3,Bird - Owl,Bird,FALSE,PUTNEY,I 91,21.45,Winter,63,56
2004,3,3,Bird - Owl,Bird,FALSE,PUTNEY,I 91,21.45,Winter,63,56.1
2004,3,3,Deer - Adult Doe,Deer,TRUE,WINDSOR,I 91,57.4,Winter,63,57
2004,3,3,Other,Other,FALSE,WILMINGTON,VT 100,7,Winter,63,58
2004,3,4,Other,Other,FALSE,ROCKINGHAM,I 91,38.2,Winter,64,59
2004,3,4,Fisher,Fisher,TRUE,WINDSOR,I 91,57,Winter,64,60
2004,3,5,Coyote,Coyote,TRUE,STOWE,VT 100,1.75,Winter,65,61
2004,3,5,Skunk,Skunk,TRUE,GUILFORD,I 91,0,Winter,65,62
2004,3,5,Skunk,Skunk,TRUE,GUILFORD,I 91,0,Winter,65,62.1
2004,3,5,Deer - Fawn Buck,Deer,TRUE,ST. JOHNSBUR,I 91,131,Winter,65,63
2004,3,5,Coyote,Coyote,TRUE,GUILFORD,I 91,0.5,Winter,65,64
2004,3,5,Coyote,Coyote,TRUE,GUILFORD,I 91,0.5,Winter,65,64.1
2004,3,5,Deer - Adult Doe,Deer,TRUE,ST. JOHNSBUR,I 91,131,Winter,65,65
2004,3,8,Coyote,Coyote,TRUE,WINDSOR,I 91,55.2,Winter,68,66
2004,3,8,Raccoon,Raccoon,TRUE,WINDSOR,I 91,56.8,Winter,68,67
2004,3,8,Deer - Adult Unknown,Deer,TRUE,GREENSBORO,VT 16,1,Winter,68,68
2004,3,8,Deer - Adult Unknown,Deer,TRUE,WILLISTON,I 89,81,Winter,68,69
2004,3,9,Deer - Fawn Doe,Deer,TRUE,HARTLAND,VT 12,0.9,Winter,69,70
2004,3,9,Skunk,Skunk,TRUE,WINDSOR,US 5,5.1,Winter,69,71
2004,3,9,Skunk,Skunk,TRUE,WINDSOR,US 5,5.1,Winter,69,71.1
2004,3,9,Skunk,Skunk,TRUE,WINDSOR,US 5,5.1,Winter,69,71.2
2004,3,9,Deer - Adult Doe,Deer,TRUE,THETFORD,I 91,84.6,Winter,69,72
2004,3,10,Deer - Adult Unknown,Deer,TRUE,BARTON,I 91,158.2,Winter,70,73
2004,3,10,Coyote,Coyote,TRUE,BERLIN,I 89,48.25,Winter,70,74
2004,3,10,Deer - Adult Unknown,Deer,TRUE,FAIRLEE,I 91,89,Winter,70,75
2004,3,10,Coyote,Coyote,TRUE,BERLIN,I 89,50.2,Winter,70,76
2004,3,11,Deer - Adult Doe,Deer,TRUE,EAST MONTPEL,US 2,0.2,Winter,71,77
2004,3,11,Rabbit,Rabbit,TRUE,BRATTLEBORO,I 91,11.2,Winter,71,78
2004,3,12,Deer - Adult Doe,Deer,TRUE,WATERBURY,I 89,67,Winter,72,79
2004,3,12,Coyote,Coyote,TRUE,WEST RUTLAND,US 4,13,Winter,72,80
2004,3,12,Deer - Adult Doe,Deer,TRUE,WATERBURY,I 89,67,Winter,72,81
2004,3,12,Mink,Mink,TRUE,HALIFAX,VT 112,3.8,Winter,72,82
2004,3,14,Deer - Adult Unknown,Deer,TRUE,READSBORO,VT 100,2.4,Winter,74,83
2004,3,15,Deer - Adult Doe,Deer,TRUE,BERLIN,I 89,48.55,Winter,75,84
2004,3,15,Deer - Adult Doe,Deer,TRUE,MARSHFIELD,VT 232,0.4,Winter,75,85
2004,3,15,Bird - Owl,Bird,FALSE,MIDDLESEX,I 89,57.9,Winter,75,86
2004,3,16,Deer - Adult Buck,Deer,TRUE,FAIRLEE,I 91,94,Winter,76,87
2004,3,16,Fisher,Fisher,TRUE,LUDLOW,VT 103,3.78,Winter,76,88
2004,3,16,Bird - Turkey,Bird,FALSE,MORRISTOWN,VT 15,3.55,Winter,76,89
2004,3,16,Deer - Adult Unknown,Deer,TRUE,STOWE,VT 108,1.8,Winter,76,90
2004,3,17,Deer - Adult Unknown,Deer,TRUE,BLOOMFIELD,VT 105,4,Winter,77,91
2004,3,19,Mink,Mink,TRUE,HARTLAND,I 91,60.8,Spring,79,92
2004,3,19,Deer - Adult Doe,Deer,TRUE,WEST WINDSOR,VT 44,0.9,Spring,79,93
2004,3,19,Coyote,Coyote,TRUE,DORSET,US 7,0.5,Spring,79,94
2004,3,21,Coyote,Coyote,TRUE,CHESTER,VT 103,0.32,Spring,81,95
2004,3,22,Fisher,Fisher,TRUE,WATERBURY,VT 100,4.17,Spring,82,96
2004,3,22,Bird - Owl,Bird,FALSE,MIDDLESEX,I 89,58.8,Spring,82,97
2004,3,23,Fox,Fox,TRUE,BERLIN,I 89,51.4,Spring,83,98
2004,3,24,Other,Other,FALSE,WILMINGTON,VT 100,2.1,Spring,84,99
2004,3,24,Other,Other,FALSE,WILMINGTON,VT 9,3.4,Spring,84,100
2004,3,24,Deer - Adult Doe,Deer,TRUE,CASTLETON,US 4,7.5,Spring,84,101
2004,3,24,Deer - Adult Doe,Deer,TRUE,CASTLETON,US 4,7.5,Spring,84,102
2004,3,25,Deer - Adult Doe,Deer,TRUE,WESTMINSTER,I 91,28,Spring,85,103
2004,3,25,Bird - Turkey,Bird,FALSE,WILMINGTON,VT 9,3.2,Spring,85,104
2004,3,25,Deer - Adult Doe,Deer,TRUE,BARNET,US 5,6.1,Spring,85,105
2004,3,25,Deer - Adult Buck,Deer,TRUE,ST. JOHNSBUR,I 91,130.2,Spring,85,106
2004,3,25,Deer - Adult Doe,Deer,TRUE,BARNET,US 5,7.7,Spring,85,107
2004,3,28,Other,Other,TRUE,SEARSBURG,VT 8,0.5,Spring,88,108
2004,3,29,Bird - Turkey,Bird,FALSE,WILLISTON,I 89,80,Spring,89,109
2004,3,29,Beaver,Beaver,TRUE,RICHMOND,I 89,77,Spring,89,110
2004,3,29,Deer - Adult Doe,Deer,TRUE,NEWBURY,I 91,107,Spring,89,111
2004,3,31,Bird - Hawk,Bird,FALSE,FAIR HAVEN,US 4,2.85,Spring,91,112
2004,3,31,Deer - Adult Doe,Deer,TRUE,BERLIN,I 89,51.7,Spring,91,113
2004,3,31,Deer - Fawn Unknown,Deer,TRUE,BERLIN,I 89,51.7,Spring,91,114
2004,3,31,Deer - Adult Doe,Deer,TRUE,WATERBURY,VT 100,6.59,Spring,91,115
2004,4,1,Bird - Turkey,Bird,FALSE,WINDSOR,I 91,58.35,Spring,92,116
2004,4,1,Fox,Fox,TRUE,WINDSOR,I 91,54.1,Spring,92,117
2004,4,1,Bird - Hawk,Bird,FALSE,WINDSOR,I 91,53.5,Spring,92,118
2004,4,2,Fisher,Fisher,TRUE,WINDSOR,I 91,54.85,Spring,93,119
2004,4,2,Coyote,Coyote,TRUE,WINDSOR,I 91,55.25,Spring,93,120
2004,4,5,Turtle - unknown,Turtle,FALSE,COLCHESTER,I 89,93,Spring,96,121
2004,4,5,Deer - Adult Unknown,Deer,TRUE,SOUTH BURLIN,I 89,89.4,Spring,96,122
2004,4,5,Coyote,Coyote,TRUE,WINDSOR,I 91,56.5,Spring,96,123
2004,4,5,Rabbit,Rabbit,TRUE,WESTMINSTER,I 91,24.45,Spring,96,124
2004,4,6,Porcupine,Porcupine,TRUE,HARTLAND,I 91,63.25,Spring,97,125
2004,4,6,Bird - Turkey,Bird,FALSE,HARTLAND,I 91,63.5,Spring,97,126
2004,4,6,Bobcat,Bobcat,TRUE,CASTLETON,US 4,10.25,Spring,97,127
2004,4,6,Moose,Moose,TRUE,STAMFORD,VT 100,0.2,Spring,97,128
2004,4,7,Skunk,Skunk,TRUE,HARTLAND,I 91,63.75,Spring,98,129
2004,4,12,Deer - Adult Doe,Deer,TRUE,SOUTH HERO,US 2,4.5,Spring,103,130
2004,4,13,Beaver,Beaver,TRUE,HARTLAND,I 91,60.75,Spring,104,131
2004,4,13,Opossum,Opossum,TRUE,HARTLAND,US 5,0.3,Spring,104,132
2004,4,13,Deer - Adult Doe,Deer,TRUE,RANDOLPH,VT 12,1.45,Spring,104,133
2004,4,13,Woodchuck,Woodchuck,TRUE,HARTLAND,I 91,61.05,Spring,104,134
2004,4,13,Deer - Adult Unknown,Deer,TRUE,GRANVILLE,VT 100,0.2,Spring,104,135
2004,4,13,Moose,Moose,TRUE,READSBORO,VT 8,0.5,Spring,104,136
2004,4,14,Deer - Adult Buck,Deer,TRUE,READING,VT 106,3.6,Spring,105,137
2004,4,15,Moose,Moose,TRUE,SEARSBURG,VT 9,2.5,Spring,106,138
2004,4,16,Deer - Adult Unknown,Deer,TRUE,READSBORO,VT 8,0.35,Spring,107,139
2004,4,17,Deer - Adult Buck,Deer,TRUE,WINDSOR,I 91,54,Spring,108,140
2004,4,19,Beaver,Beaver,TRUE,HARTLAND,I 91,60.75,Spring,110,141
2004,4,19,Beaver,Beaver,TRUE,HARTLAND,US 5,0.1,Spring,110,142
2004,4,19,Bird - Turkey,Bird,FALSE,HARTLAND,I 91,61.05,Spring,110,143
2004,4,20,Beaver,Beaver,TRUE,POULTNEY,VT 30,0,Spring,111,144
2004,4,20,Fisher,Fisher,TRUE,POULTNEY,VT 30,9.4,Spring,111,145
2004,4,20,Moose,Moose,TRUE,READSBORO,VT 100,3.2,Spring,111,146
2004,4,20,Bird - Duck,Bird,FALSE,VERNON,I 91,3,Spring,111,147
2004,4,21,Beaver,Beaver,TRUE,ROCKINGHAM,I 91,33,Spring,112,148
2004,4,21,Porcupine,Porcupine,TRUE,WEATHERSFIEL,I 91,51,Spring,112,149
2004,4,21,Deer - Adult Buck,Deer,TRUE,HARTLAND,VT 12,6.8,Spring,112,150
2004,4,21,Bird - Turkey,Bird,FALSE,THETFORD,I 91,88.25,Spring,112,151
2004,4,21,Deer - Adult Buck,Deer,TRUE,WINDSOR,VT 44A,1.2,Spring,112,152
2004,4,21,Deer - Adult Doe,Deer,TRUE,WINDSOR,VT 44A,2,Spring,112,153
2004,4,21,Fisher,Fisher,TRUE,HARTLAND,VT 12,6.5,Spring,112,154
2004,4,21,Skunk,Skunk,TRUE,WINDSOR,VT 44A,0.5,Spring,112,155
2004,4,21,Porcupine,Porcupine,TRUE,WINDSOR,VT 44A,1.1,Spring,112,156
2004,4,21,Bird - Owl,Bird,FALSE,WINDSOR,VT 44A,0.3,Spring,112,157
2004,4,21,Bird - Owl,Bird,FALSE,FAIRLEE,I 91,94.75,Spring,112,158
2004,4,21,Deer - Adult Buck,Deer,TRUE,MIDDLESEX,I 89,56.75,Spring,112,159
2004,4,22,Bird - Turkey,Bird,FALSE,MORRISTOWN,VT 15,3.4,Spring,113,160
2004,4,22,Bird - Turkey,Bird,FALSE,MORRISTOWN,VT 15,3.4,Spring,113,160.1
2004,4,22,Bird - Turkey,Bird,FALSE,MORRISTOWN,VT 15,3.4,Spring,113,160.2
2004,4,22,Mink,Mink,TRUE,WINDSOR,I 91,54.7,Spring,113,161
2004,4,22,Otter,Otter,TRUE,SPRINGFIELD,I 91,41,Spring,113,162
2004,4,22,Fisher,Fisher,TRUE,WEST RUTLAND,US 4,13.1,Spring,113,163
2004,4,22,Deer - Adult Doe,Deer,TRUE,THETFORD,I 91,86.5,Spring,113,164
2004,4,23,Fisher,Fisher,TRUE,MIDDLESEX,I 89,55.85,Spring,114,165
2004,4,23,Beaver,Beaver,TRUE,MIDDLESEX,VT 12,1.81,Spring,114,166
2004,4,23,Fox,Fox,TRUE,MIDDLESEX,I 89,54.1,Spring,114,167
2004,4,23,Beaver,Beaver,TRUE,WATERBURY,I 89,65.8,Spring,114,168
2004,4,23,Beaver,Beaver,TRUE,WOLCOTT,VT 15,0.8,Spring,114,169
2004,4,23,Beaver,Beaver,TRUE,HYDE PARK,VT 15,2.4,Spring,114,170
2004,4,23,Fisher,Fisher,TRUE,WINDSOR,I 91,56.5,Spring,114,171
2004,4,25,Deer - Adult Doe,Deer,TRUE,DERBY,I 91,174,Spring,116,172
2004,4,26,Deer - Adult Doe,Deer,TRUE,NEWBURY,I 91,109,Spring,117,173
2004,4,26,Other,Other,FALSE,BRADFORD,US 5,1.8,Spring,117,174
2004,4,26,Beaver,Beaver,TRUE,BRATTLEBORO,VT 9,3.6,Spring,117,175
2004,4,26,Bird - Duck,Bird,FALSE,NORWICH,US 5,6.66,Spring,117,176
2004,4,26,Beaver,Beaver,TRUE,BERLIN,US 2,0.102,Spring,117,177
2004,4,26,Beaver,Beaver,TRUE,VERNON,I 91,4.75,Spring,117,178
2004,4,27,Beaver,Beaver,TRUE,GUILFORD,I 91,1,Spring,118,179
2004,4,27,Bird - Owl,Bird,FALSE,SPRINGFIELD,I 91,46,Spring,118,180
2004,4,28,Deer - Adult Buck,Deer,TRUE,WINDSOR,I 91,59.3,Spring,119,181
2004,4,28,Other,Other,TRUE,EAST MONTPEL,US 2,0.465,Spring,119,182
2004,4,28,Bird - Turkey,Bird,FALSE,WEATHERSFIEL,I 91,49,Spring,119,183
2004,4,29,Woodchuck,Woodchuck,TRUE,HARTLAND,I 91,62.5,Spring,120,184
2004,4,29,Coyote,Coyote,TRUE,HARTLAND,I 91,62.5,Spring,120,185
2004,4,30,Deer - Adult Unknown,Deer,TRUE,NEWFANE,VT 30,0.9,Spring,121,186
2004,5,3,Deer - Adult Doe,Deer,TRUE,FAIRLEE,VT 244,1.7,Spring,124,187
2004,5,4,Coyote,Coyote,TRUE,ROYALTON,I 89,21,Spring,125,188
2004,5,4,Beaver,Beaver,TRUE,COLCHESTER,I 89,92.9,Spring,125,189
2004,5,4,Moose,Moose,TRUE,NORTON,VT 114,0.5,Spring,125,190
2004,5,5,Moose,Moose,TRUE,FERDINAND,VT 105,4.6,Spring,126,191
2004,5,6,Deer - Adult Unknown,Deer,TRUE,NEWFANE,VT 30,2,Spring,127,192
2004,5,6,Deer - Adult Doe,Deer,TRUE,WATERBURY,I 89,65,Spring,127,193
2004,5,7,Fox,Fox,TRUE,SHAFTSBURY,VT 7A,0.5,Spring,128,194
2004,5,9,Deer - Fawn Buck,Deer,TRUE,ROCKINGHAM,I 91,35.6,Spring,130,195
2004,5,10,Deer - Adult Doe,Deer,TRUE,HARTLAND,US 5,1.05,Spring,131,196
2004,5,10,Bird - Turkey,Bird,FALSE,SHAFTSBURY,US 7,3.5,Spring,131,197
2004,5,11,Deer - Adult Doe,Deer,TRUE,HARTLAND,US 5,2.8,Spring,132,198
2004,5,12,Deer - Adult Doe,Deer,TRUE,HARTLAND,I 91,62.5,Spring,133,199
2004,5,17,Deer - Adult Buck,Deer,TRUE,NORWICH,I 91,77.9,Spring,138,200
2004,5,17,Moose,Moose,TRUE,SHEFFIELD,I 91,149.5,Spring,138,201
2004,5,17,Moose,Moose,TRUE,ELMORE,VT 12,1.9,Spring,138,202
2004,5,17,Deer - Adult Doe,Deer,TRUE,DORSET,US 7,1.2,Spring,138,203
2004,5,17,Fox,Fox,TRUE,WORCESTER,VT 12,4.4,Spring,138,204
2004,5,19,Bear,Bear,TRUE,DOVER,VT 100,0,Spring,140,205
2004,5,19,Deer - Fawn Doe,Deer,TRUE,HIGHGATE,I 89,128.8,Spring,140,206
2004,5,20,Coyote,Coyote,TRUE,CHARLESTON,VT 105,9.4,Spring,141,207
2004,5,20,Beaver,Beaver,TRUE,WATERBURY,I 89,67.75,Spring,141,208
2004,5,20,Coyote,Coyote,TRUE,HIGHGATE,I 89,129.25,Spring,141,209
2004,5,20,Deer - Adult Unknown,Deer,TRUE,HIGHGATE,I 89,128.8,Spring,141,210
2004,5,20,Deer - Adult Unknown,Deer,TRUE,DERBY,I 91,171.75,Spring,141,211
2004,5,20,Deer - Fawn Buck,Deer,TRUE,HIGHGATE,I 89,128.8,Spring,141,212
2004,5,21,Deer - Adult Doe,Deer,TRUE,MIDDLESEX,I 89,57.5,Spring,142,213
2004,5,21,Deer - Adult Doe,Deer,TRUE,WATERBURY,I 89,67.65,Spring,142,214
2004,5,21,Deer - Adult Unknown,Deer,TRUE,READSBORO,VT 8,1.2,Spring,142,215
2004,5,21,Deer - Fawn Doe,Deer,TRUE,WATERBURY,I 89,67.65,Spring,142,216
2004,5,24,Deer - Fawn Buck,Deer,TRUE,BRADFORD,I 91,101.45,Spring,145,217
2004,5,24,Raccoon,Raccoon,TRUE,HALIFAX,VT 112,2.65,Spring,145,218
2004,5,24,Deer - Adult Doe,Deer,TRUE,NORWICH,I 91,75.7,Spring,145,219
2004,5,24,Deer - Fawn Doe,Deer,TRUE,HIGHGATE,I 89,128.8,Spring,145,220
2004,5,25,Deer - Adult Buck,Deer,TRUE,WINDSOR,I 91,56.1,Spring,146,221
2004,5,25,Porcupine,Porcupine,TRUE,BERLIN,I 89,51.85,Spring,146,222
2004,5,25,Porcupine,Porcupine,TRUE,BOLTON,I 89,72.2,Spring,146,223
2004,5,26,Bird - Eagle,Bird,FALSE,DERBY,I 91,169.6,Spring,147,224
2004,5,27,Fisher,Fisher,TRUE,WOLCOTT,VT 15,6,Spring,148,225
2004,6,1,Fox,Fox,TRUE,THETFORD,VT 113,4.2,Spring,153,226
2004,6,2,Fox,Fox,TRUE,HARTLAND,I 91,62.15,Spring,154,227
2004,6,2,Deer - Adult Buck,Deer,TRUE,HIGHGATE,I 89,129,Spring,154,228
2004,6,4,Deer - Adult Buck,Deer,TRUE,DERBY,I 91,173.65,Spring,156,229
2004,6,4,Turtle - painted,Turtle,TRUE,NORTHFIELD,VT 64,0.45,Spring,156,230
2004,6,7,Coyote,Coyote,TRUE,DUMMERSTON,I 91,15.75,Spring,159,231
2004,6,7,Fox,Fox,TRUE,WOLCOTT,VT 15,4.42,Spring,159,232
2004,6,7,Deer - Adult Doe,Deer,TRUE,RANDOLPH,I 89,31,Spring,159,233
2004,6,7,Deer - Fawn Doe,Deer,TRUE,HIGHGATE,I 89,128.75,Spring,159,234
2004,6,8,Deer - Adult Buck,Deer,TRUE,MIDDLESEX,I 89,56.6,Spring,160,235
2004,6,8,Deer - Adult Buck,Deer,TRUE,MIDDLESEX,I 89,56.65,Spring,160,236
2004,6,8,Fox,Fox,TRUE,MORETOWN,VT 100B,1.8,Spring,160,237
2004,6,9,Deer - Adult Buck,Deer,TRUE,WINDSOR,I 91,57.5,Spring,161,238
2004,6,9,Turtle - unknown,Turtle,FALSE,WINDSOR,I 91,55.2,Spring,161,239
2004,6,9,Woodchuck,Woodchuck,TRUE,HARTLAND,I 91,61.35,Spring,161,240
2004,6,10,Opossum,Opossum,TRUE,WINDSOR,US 5,1.7,Spring,162,241
2004,6,12,Bird - Turkey,Bird,FALSE,BROOKFIELD,I 89,37.3,Spring,164,242
2004,6,12,Otter,Otter,TRUE,SHARON,I 89,9.75,Spring,164,243
2004,6,12,Otter,Otter,TRUE,SHARON,I 89,9.75,Spring,164,243.1
2004,6,12,Deer - Adult Doe,Deer,TRUE,WINDSOR,I 91,58.85,Spring,164,244
2004,6,14,Deer - Adult Doe,Deer,TRUE,MIDDLESEX,I 89,60,Spring,166,245
2004,6,14,Deer - Adult Doe,Deer,TRUE,HYDE PARK,VT 15,2.6,Spring,166,246
2004,6,14,Deer - Adult Doe,Deer,TRUE,RYEGATE,I 91,115,Spring,166,247
2004,6,14,Moose,Moose,TRUE,LUNENBURG,US 2,1.6,Spring,166,248
2004,6,14,Deer - Adult Doe,Deer,TRUE,BERLIN,I 89,48,Spring,166,249
2004,6,14,Raccoon,Raccoon,TRUE,WINDSOR,I 91,54.4,Spring,166,250
2004,6,14,Deer - Adult Doe,Deer,TRUE,BARRE TOWN,VT 63,2.5,Spring,166,251
2004,6,15,Deer - Fawn Doe,Deer,TRUE,DERBY,I 91,168.85,Spring,167,252
2004,6,16,Beaver,Beaver,TRUE,WINOOSKI CIT,I 89,90.55,Spring,168,253
2004,6,16,Deer - Adult Unknown,Deer,TRUE,MIDDLESEX,I 89,60.4,Spring,168,254
2004,6,16,Coyote,Coyote,TRUE,WILLIAMSTOWN,I 89,40.85,Spring,168,255
2004,6,16,Deer - Adult Unknown,Deer,TRUE,BARNET,I 91,123.9,Spring,168,256
2004,6,16,Deer - Adult Unknown,Deer,TRUE,EAST MONTPEL,VT 14,2.5,Spring,168,257
2004,6,16,Deer - Adult Unknown,Deer,TRUE,EAST MONTPEL,VT 14,2,Spring,168,258
2004,6,16,Coyote,Coyote,TRUE,RICHMOND,I 89,75.84,Spring,168,259
2004,6,16,Deer - Adult Unknown,Deer,TRUE,MIDDLESEX,I 89,60,Spring,168,260
2004,6,16,Deer - Fawn Doe,Deer,TRUE,GUILFORD,I 91,1.35,Spring,168,261
2004,6,16,Beaver,Beaver,TRUE,MIDDLESEX,I 89,59.38,Spring,168,262
2004,6,16,Deer - Adult Unknown,Deer,TRUE,WINDSOR,I 91,59,Spring,168,263
2004,6,16,Coyote,Coyote,TRUE,SOUTH BURLIN,I 89,86.2,Spring,168,264
2004,6,16,Fox,Fox,TRUE,FRANKLIN,VT 236,2.2,Spring,168,265
2004,6,16,Deer - Adult Doe,Deer,TRUE,BENNINGTON,US 7,6.8,Spring,168,266
2004,6,16,Deer - Adult Buck,Deer,TRUE,BERLIN,I 89,51,Spring,168,267
2004,6,16,Other,Other,FALSE,MIDDLESEX,I 89,60.75,Spring,168,268
2004,6,16,Beaver,Beaver,TRUE,BERLIN,VT 12,0.4,Spring,168,269
2004,6,16,Deer - Adult Doe,Deer,TRUE,BERLIN,I 89,50.8,Spring,168,270
2004,6,16,Deer - Adult Unknown,Deer,TRUE,GEORGIA,I 89,107,Spring,168,271
2004,6,16,Deer - Adult Unknown,Deer,TRUE,MONTPELIER,VT 12,0.3,Spring,168,272
2004,6,16,Deer - Adult Unknown,Deer,TRUE,SHARON,I 89,12.9,Spring,168,273
2004,6,16,Deer - Adult Unknown,Deer,TRUE,MIDDLESEX,I 89,60.75,Spring,168,274
2004,6,16,Other,Other,FALSE,LYNDON,I 91,136,Spring,168,275
2004,6,16,Fox,Fox,TRUE,MONTPELIER,I 89,54,Spring,168,276
2004,6,16,Beaver,Beaver,TRUE,BERLIN,VT 12,0.45,Spring,168,277
2004,6,16,Deer - Adult Doe,Deer,TRUE,MIDDLESEX,I 89,58.15,Spring,168,278
2004,6,16,Deer - Adult Unknown,Deer,TRUE,BARNET,I 91,120.9,Spring,168,279
2004,6,16,Beaver,Beaver,TRUE,MIDDLESEX,VT 12,1.2,Spring,168,280
2004,6,16,Fox,Fox,TRUE,BOLTON,I 89,72.1,Spring,168,281
2004,6,17,Coyote,Coyote,TRUE,WEATHERSFIEL,I 91,51.4,Spring,169,282
2004,6,17,Deer - Adult Buck,Deer,TRUE,SPRINGFIELD,I 91,41.15,Spring,169,283
2004,6,17,Deer - Adult Unknown,Deer,TRUE,RANDOLPH,I 89,33.75,Spring,169,284
2004,6,18,Deer - Adult Doe,Deer,TRUE,ARLINGTON,VT 313,5,Spring,170,285
2004,6,18,Deer - Adult Doe,Deer,TRUE,ARLINGTON,VT 313,1.5,Spring,170,286
2004,6,21,Deer - Adult Doe,Deer,TRUE,HARTLAND,US 5,5.4,Summer,173,287
2004,6,21,Deer - Adult Doe,Deer,TRUE,SHARON,I 89,14.5,Summer,173,288
2004,6,22,Deer - Fawn Doe,Deer,TRUE,GUILFORD,I 91,0.5,Summer,174,289
2004,6,22,Coyote,Coyote,TRUE,SHARON,I 89,16,Summer,174,290
2004,6,22,Deer - Adult Buck,Deer,TRUE,CLARENDON,US 7,3.25,Summer,174,291
2004,6,23,Fox,Fox,TRUE,VERSHIRE,VT 113,1,Summer,175,292
2004,6,24,Deer - Adult Buck,Deer,TRUE,VERNON,I 91,4.85,Summer,176,293
2004,6,24,Deer - Adult Unknown,Deer,TRUE,BRATTLEBORO,I 91,7.9,Summer,176,294
2004,6,24,Deer - Fawn Doe,Deer,TRUE,GUILFORD,I 91,6.35,Summer,176,295
2004,6,25,Raccoon,Raccoon,TRUE,HARTLAND,I 91,63.7,Summer,177,296
2004,6,25,Deer - Fawn Doe,Deer,TRUE,MIDDLESEX,VT 12,2.6,Summer,177,297
2004,6,25,Deer - Adult Doe,Deer,TRUE,CASTLETON,US 4,3.5,Summer,177,298
2004,6,27,Deer - Adult Doe,Deer,TRUE,SPRINGFIELD,I 91,46.8,Summer,179,299
2004,6,27,Deer - Adult Buck,Deer,TRUE,DERBY,I 91,175.3,Summer,179,300
2004,6,28,Coyote,Coyote,TRUE,ROYALTON,I 89,16.1,Summer,180,301
2004,6,28,Coyote,Coyote,TRUE,ROYALTON,I 89,22.7,Summer,180,302
2004,6,28,Deer - Adult Doe,Deer,TRUE,ST. JOHNSBUR,I 91,133,Summer,180,303
2004,6,28,Fox,Fox,TRUE,SHARON,I 89,11.1,Summer,180,304
2004,6,29,Deer - Adult Buck,Deer,TRUE,NORWICH,I 91,81.25,Summer,181,305
2004,6,29,Deer - Adult Unknown,Deer,TRUE,BLOOMFIELD,VT 105,2.4,Summer,181,306
2004,6,29,Deer - Adult Unknown,Deer,TRUE,DERBY,I 91,171.45,Summer,181,307
2004,6,29,Deer - Adult Doe,Deer,TRUE,HYDE PARK,VT 15,2,Summer,181,308
2004,6,29,Deer - Adult Buck,Deer,TRUE,BRADFORD,I 91,97,Summer,181,309
2004,6,29,Deer - Adult Buck,Deer,TRUE,DERBY,I 91,175.7,Summer,181,310
2004,6,30,Moose,Moose,TRUE,LEMINGTON,VT 102,5,Summer,182,311
2004,6,30,Moose,Moose,TRUE,LEMINGTON,VT 102,5,Summer,182,311.1
2004,6,30,Moose,Moose,TRUE,BRIGHTON,VT 105,2.2,Summer,182,312
2004,6,30,Moose,Moose,TRUE,BRIGHTON,VT 105,2.2,Summer,182,312.1
2004,6,30,Deer - Adult Doe with Fawn,Deer,TRUE,WINDSOR,I 91,59.4,Summer,182,313
2004,6,30,Deer - Adult Doe,Deer,TRUE,WINDSOR,US 5,4.9,Summer,182,314
2004,7,1,Deer - Adult Doe,Deer,TRUE,SHREWSBURY,VT 103,3.6,Summer,183,315
2004,7,1,Deer - Adult Buck,Deer,TRUE,HARTLAND,I 91,60.5,Summer,183,316
2004,7,1,Deer - Adult Doe,Deer,TRUE,SHREWSBURY,VT 103,3.6,Summer,183,317
2004,7,1,Deer - Adult Doe,Deer,TRUE,WEST RUTLAND,US 4,13,Summer,183,318
2004,7,2,Deer - Adult Unknown,Deer,TRUE,COVENTRY,I 91,164.5,Summer,184,319
2004,7,5,Deer - Fawn Doe,Deer,TRUE,WEATHERSFIEL,I 91,53.4,Summer,187,320
2004,7,6,Bear,Bear,TRUE,STAMFORD,VT 100,3.25,Summer,188,321
2004,7,6,Deer - Adult Unknown,Deer,TRUE,WALLINGFORD,US 7,4.7,Summer,188,322
2004,7,6,Fox,Fox,TRUE,WALLINGFORD,US 7,4.8,Summer,188,323
2004,7,6,Deer - Adult Doe,Deer,TRUE,HARTLAND,I 91,64.9,Summer,188,324
2004,7,7,Deer - Adult Doe,Deer,TRUE,FAIRLEE,I 91,90.5,Summer,189,325
2004,7,7,Deer - Adult Doe,Deer,TRUE,HARTLAND,I 91,64.3,Summer,189,326
2004,7,8,Deer - Adult Doe,Deer,TRUE,WATERFORD,I 93,3.5,Summer,190,327
2004,7,8,Rabbit,Rabbit,TRUE,STAMFORD,VT 100,0.5,Summer,190,328
2004,7,8,Deer - Adult Buck,Deer,TRUE,CLARENDON,VT 103,1.2,Summer,190,329
2004,7,8,Bear,Bear,TRUE,BARNET,I 91,125,Summer,190,330
2004,7,8,Deer - Adult Buck,Deer,TRUE,HARTFORD,I 91,69,Summer,190,331
2004,7,9,Bear,Bear,TRUE,BARNET,I 91,125,Summer,191,332
2004,7,11,Deer - Adult Doe,Deer,TRUE,SPRINGFIELD,VT 11,0.3,Summer,193,333
2004,7,12,Deer - Fawn Buck,Deer,TRUE,HARTFORD,I 91,69.5,Summer,194,334
2004,7,12,Deer - Adult Doe,Deer,TRUE,IRA,US 4,11.65,Summer,194,335
2004,7,13,Deer - Fawn Doe,Deer,TRUE,SHREWSBURY,VT 103,1.4,Summer,195,336
2004,7,14,Deer - Fawn Doe,Deer,TRUE,CLARENDON,US 7,0.4,Summer,196,337
2004,7,14,Deer - Adult Unknown,Deer,TRUE,DERBY,I 91,169.2,Summer,196,338
2004,7,14,Beaver,Beaver,TRUE,WILLIAMSTOWN,VT 14,5.7,Summer,196,339
2004,7,14,Bird - Turkey,Bird,FALSE,SEARSBURG,VT 8,1.25,Summer,196,340
2004,7,14,Bird - Turkey,Bird,FALSE,SEARSBURG,VT 8,1.25,Summer,196,340.1
2004,7,14,Deer - Fawn Doe,Deer,TRUE,SPRINGFIELD,VT 11,0.02,Summer,196,341
2004,7,14,Skunk,Skunk,TRUE,RUTLAND TOWN,US 7,1.2,Summer,196,342
2004,7,14,Deer - Adult Unknown,Deer,TRUE,PROCTOR,VT 3,0.99,Summer,196,343
2004,7,15,Deer - Adult Doe,Deer,TRUE,RYEGATE,US 302,2,Summer,197,344
2004,7,15,Deer - Adult Doe,Deer,TRUE,WEST RUTLAND,US 4,14.4,Summer,197,345
2004,7,15,Bird - Turkey,Bird,FALSE,WHITINGHAM,VT 100,2.35,Summer,197,346
2004,7,15,Bird - Turkey,Bird,FALSE,WHITINGHAM,VT 100,2.35,Summer,197,346.1
2004,7,15,Bird - Turkey,Bird,FALSE,WHITINGHAM,VT 100,2.35,Summer,197,346.2
2004,7,15,Coyote,Coyote,TRUE,ST. JOHNSBUR,I 91,134,Summer,197,347
2004,7,16,Fox,Fox,TRUE,WINDSOR,I 91,57.65,Summer,198,348
2004,7,16,Deer - Adult Doe,Deer,TRUE,WOODBURY,VT 14,0.12,Summer,198,349
2004,7,16,Deer - Adult Unknown,Deer,TRUE,ROCKINGHAM,I 91,36,Summer,198,350
2004,7,16,Deer - Adult Doe,Deer,TRUE,DERBY,I 91,174.2,Summer,198,351
2004,7,16,Fox,Fox,TRUE,HARTLAND,I 91,62.7,Summer,198,352
2004,7,21,Deer - Fawn Doe,Deer,TRUE,FAIRLEE,VT 244,0.05,Summer,203,353
2004,7,21,Deer - Adult Doe,Deer,TRUE,FAIRLEE,I 91,93.25,Summer,203,354
2004,7,22,Deer - Adult Unknown,Deer,TRUE,THETFORD,I 91,87.05,Summer,204,355
2004,7,22,Fox,Fox,TRUE,PUTNEY,I 91,22,Summer,204,356
2004,7,22,Other,Other,TRUE,PUTNEY,I 91,22,Summer,204,357
2004,7,23,Bird - Unknown,Bird,FALSE,JAMAICA,VT 100,0,Summer,205,358
2004,7,26,Bobcat,Bobcat,TRUE,BETHEL,I 89,26.25,Summer,208,359
2004,7,26,Deer - Adult Doe,Deer,TRUE,WATERFORD,I 93,8.85,Summer,208,360
2004,7,26,Deer - Adult Unknown,Deer,TRUE,KIRBY,US 2,0.2,Summer,208,361
2004,7,26,Deer - Adult Doe,Deer,TRUE,RYEGATE,I 91,112.5,Summer,208,362
2004,7,26,Beaver,Beaver,TRUE,CLARENDON,US 7,4,Summer,208,363
2004,7,27,Deer - Fawn Doe,Deer,TRUE,CHESTER,VT 11,3.8,Summer,209,364
2004,7,28,Coyote,Coyote,TRUE,ST. JOHNSBUR,I 91,135.5,Summer,210,365
2004,8,2,Beaver,Beaver,TRUE,RUTLAND TOWN,US 7,3,Summer,215,366
2004,8,2,Fisher,Fisher,TRUE,WALLINGFORD,US 7,6.78,Summer,215,367
2004,8,2,Fox,Fox,TRUE,RUTLAND TOWN,US 7,3,Summer,215,368
2004,8,9,Fox,Fox,TRUE,THETFORD,I 91,86.05,Summer,222,369
2004,8,9,Fox,Fox,TRUE,FAIRLEE,I 91,91.2,Summer,222,370
2004,8,9,Fox,Fox,TRUE,THETFORD,VT 113,6.7,Summer,222,371
2004,8,10,Fox,Fox,TRUE,PITTSFORD,US 7,0,Summer,223,372
2004,8,10,Fox,Fox,TRUE,PITTSFORD,US 7,0,Summer,223,372.1
2004,8,10,Bear,Bear,TRUE,LUNENBURG,US 2,7.4,Summer,223,373
2004,8,10,Raccoon,Raccoon,TRUE,WOODSTOCK,US 4,2.8,Summer,223,374
2004,8,12,Deer - Fawn Buck,Deer,TRUE,ANDOVER,VT 11,3,Summer,225,375
2004,8,17,Deer - Adult Doe,Deer,TRUE,EAST MONTPEL,VT 14,0.53,Summer,230,376
2004,8,18,Coyote,Coyote,TRUE,SPRINGFIELD,I 91,40.65,Summer,231,377
2004,8,18,Deer - Adult Buck,Deer,TRUE,RYEGATE,I 91,116,Summer,231,378
2004,8,20,Skunk,Skunk,TRUE,HARTLAND,VT 12,7.1,Summer,233,379
2004,8,23,Fox,Fox,TRUE,MORRISTOWN,VT 15,2.8,Summer,236,380
2004,8,23,Fox,Fox,TRUE,WILLIAMSTOWN,I 89,44.9,Summer,236,381
2004,8,23,Fox,Fox,TRUE,WILLIAMSTOWN,I 89,42,Summer,236,382
2004,8,23,Mink,Mink,TRUE,HARTLAND,I 91,66.4,Summer,236,383
2004,8,23,Fox,Fox,TRUE,BARRE TOWN,VT 63,2.5,Summer,236,384
2004,8,30,Mink,Mink,TRUE,WINDSOR,I 91,59.75,Summer,243,385
2004,8,30,Turtle - snapper,Turtle,FALSE,HARTLAND,VT 12,0.5,Summer,243,386
2004,8,30,Fisher,Fisher,TRUE,WINDSOR,US 5,0.4,Summer,243,387
2004,9,1,Turtle - painted,Turtle,FALSE,COLCHESTER,US 2,1,Summer,245,388
2004,9,1,Fisher,Fisher,TRUE,RANDOLPH,I 89,29.9,Summer,245,389
2004,9,1,Fox,Fox,TRUE,ROYALTON,I 89,20.25,Summer,245,390
2004,9,1,Beaver,Beaver,TRUE,WILLISTON,I 89,82,Summer,245,391
2004,9,1,Fox,Fox,TRUE,BERLIN,VT 12,3.7,Summer,245,392
2004,9,1,Fox,Fox,TRUE,RICHMOND,I 89,73.8,Summer,245,393
2004,9,1,Bird - Hawk,Bird,FALSE,SPRINGFIELD,I 91,39.45,Summer,245,394
2004,9,1,Deer - Adult Doe,Deer,TRUE,SPRINGFIELD,I 91,46,Summer,245,395
2004,9,2,Raccoon,Raccoon,TRUE,RUTLAND TOWN,US 7,1.77,Summer,246,396
2004,9,2,Coyote,Coyote,TRUE,CASTLETON,US 4,10,Summer,246,397
2004,9,7,Deer - Adult Buck,Deer,TRUE,FAIRLEE,I 91,94.3,Summer,251,398
2004,9,8,Deer - Adult Doe,Deer,TRUE,NEWBURY,I 91,110.5,Summer,252,399
2004,9,10,Coyote,Coyote,TRUE,RICHMOND,I 89,75,Summer,254,400
2004,9,10,Bobcat,Bobcat,TRUE,ROYALTON,I 89,22,Summer,254,401
2004,9,10,Deer - Adult Unknown,Deer,TRUE,BERLIN,I 89,52.15,Summer,254,402
2004,9,10,Deer - Fawn Unknown,Deer,TRUE,RICHMOND,I 89,77.3,Summer,254,403
2004,9,10,Deer - Adult Unknown,Deer,TRUE,BOLTON,I 89,71.9,Summer,254,404
2004,9,10,Fox,Fox,TRUE,HARTLAND,I 91,62.5,Summer,254,405
2004,9,10,Fox,Fox,TRUE,WILLIAMSTOWN,I 89,41.4,Summer,254,406
2004,9,10,Deer - Adult Unknown,Deer,TRUE,RANDOLPH,I 89,30,Summer,254,407
2004,9,10,Otter,Otter,TRUE,WATERBURY,VT 100,4.3,Summer,254,408
2004,9,10,Fox,Fox,TRUE,WINDSOR,I 91,57.6,Summer,254,409
2004,9,10,Coyote,Coyote,TRUE,SHARON,I 89,16.02,Summer,254,410
2004,9,10,Fox,Fox,TRUE,BOLTON,I 89,72.1,Summer,254,411
2004,9,12,Moose,Moose,TRUE,HARTLAND,I 91,64,Summer,256,412
2004,9,13,Fox,Fox,TRUE,WINDSOR,I 91,56.1,Summer,257,413
2004,9,15,Deer - Adult Buck,Deer,TRUE,WINDSOR,I 91,54,Summer,259,414
2004,9,16,Bird - Turkey,Bird,FALSE,HANCOCK,VT 125,4.75,Summer,260,415
2004,9,16,Bird - Turkey,Bird,FALSE,HANCOCK,VT 125,4.75,Summer,260,415.1
2004,9,16,Bird - Turkey,Bird,FALSE,HANCOCK,VT 125,4.75,Summer,260,415.11
2004,9,16,Bird - Turkey,Bird,FALSE,HANCOCK,VT 125,4.75,Summer,260,415.12
2004,9,16,Bird - Turkey,Bird,FALSE,HANCOCK,VT 125,4.75,Summer,260,415.13
2004,9,16,Bird - Turkey,Bird,FALSE,HANCOCK,VT 125,4.75,Summer,260,415.14
2004,9,16,Bird - Turkey,Bird,FALSE,HANCOCK,VT 125,4.75,Summer,260,415.15
2004,9,16,Bird - Turkey,Bird,FALSE,HANCOCK,VT 125,4.75,Summer,260,415.16
2004,9,16,Bird - Turkey,Bird,FALSE,HANCOCK,VT 125,4.75,Summer,260,415.2
2004,9,16,Bird - Turkey,Bird,FALSE,HANCOCK,VT 125,4.75,Summer,260,415.3
2004,9,16,Bird - Turkey,Bird,FALSE,HANCOCK,VT 125,4.75,Summer,260,415.4
2004,9,16,Bird - Turkey,Bird,FALSE,HANCOCK,VT 125,4.75,Summer,260,415.5
2004,9,16,Bird - Turkey,Bird,FALSE,HANCOCK,VT 125,4.75,Summer,260,415.6
2004,9,16,Bird - Turkey,Bird,FALSE,HANCOCK,VT 125,4.75,Summer,260,415.7
2004,9,16,Bird - Turkey,Bird,FALSE,HANCOCK,VT 125,4.75,Summer,260,415.8
2004,9,16,Bird - Turkey,Bird,FALSE,HANCOCK,VT 125,4.75,Summer,260,415.9
2004,9,17,Fox,Fox,TRUE,FAIRLEE,VT 244,0.4,Summer,261,416
2004,9,20,Skunk,Skunk,TRUE,HIGHGATE,VT 78,6.52,Summer,264,417
2004,9,21,Deer - Adult Doe,Deer,TRUE,CAMBRIDGE,VT 15,8,Summer,265,418
2004,9,21,Deer - Adult Unknown,Deer,TRUE,ST. JOHNSBUR,I 91,128.5,Summer,265,419
2004,9,21,Deer - Fawn Doe,Deer,TRUE,WINDHAM,VT 11,0.1,Summer,265,420
2004,9,22,Other,Other,FALSE,ROYALTON,I 89,20,Fall,266,421
2004,9,22,Deer - Adult Buck,Deer,TRUE,THETFORD,I 91,86.55,Fall,266,422
2004,9,22,Deer - Adult Doe,Deer,TRUE,HIGHGATE,I 89,128.95,Fall,266,423
2004,9,22,Deer - Adult Doe,Deer,TRUE,HIGHGATE,I 89,128.95,Fall,266,423.1
2004,9,22,Moose,Moose,TRUE,WORCESTER,VT 12,7.2,Fall,266,424
2004,9,22,Moose,Moose,TRUE,EDEN,VT 100,1.4,Fall,266,425
2004,9,23,Bird - Hawk,Bird,FALSE,SOUTH BURLIN,I 89,86.5,Fall,267,426
2004,9,23,Bird - Turkey,Bird,FALSE,SOUTH BURLIN,I 89,88,Fall,267,427
2004,9,23,Bear,Bear,TRUE,RYEGATE,I 91,112,Fall,267,428
2004,9,24,Raccoon,Raccoon,TRUE,SWANTON,VT 78,1.2,Fall,268,429
2004,9,24,Skunk,Skunk,TRUE,SWANTON,VT 78,1.2,Fall,268,430
2004,9,24,Cat,Cat,TRUE,HIGHGATE,VT 78,4.4,Fall,268,431
2004,9,24,Moose,Moose,TRUE,NEWBURY,I 91,110.4,Fall,268,432
2004,9,27,Turtle - unknown,Turtle,FALSE,FAIRFIELD,VT 36,4,Fall,271,433
2004,9,27,Other,Other,FALSE,FAIRFIELD,VT 36,1.6,Fall,271,434
2004,9,27,Other,Other,FALSE,FAIRFIELD,VT 36,3.6,Fall,271,435
2004,9,27,Raccoon,Raccoon,TRUE,HIGHGATE,I 89,124.8,Fall,271,436
2004,9,27,Deer - Adult Doe,Deer,TRUE,BERLIN,I 89,46.75,Fall,271,437
2004,9,27,Skunk,Skunk,TRUE,SWANTON,US 7,2,Fall,271,438
2004,9,27,Raccoon,Raccoon,TRUE,SWANTON,US 7,2.2,Fall,271,439
2004,9,28,Deer - Adult Buck,Deer,TRUE,NEWBURY,US 302,4.2,Fall,272,440
2004,9,28,Deer - Adult Doe,Deer,TRUE,COVENTRY,I 91,165.2,Fall,272,441
2004,9,29,Raccoon,Raccoon,TRUE,FAIRLEE,I 91,90.2,Fall,273,442
2004,9,29,Deer - Adult Doe,Deer,TRUE,NORWICH,I 91,81,Fall,273,443
2004,9,29,Other,Other,FALSE,THETFORD,I 91,84,Fall,273,444
2004,9,29,Deer - Adult Doe,Deer,TRUE,CLARENDON,US 7,4.4,Fall,273,445
2004,10,1,Opossum,Opossum,TRUE,LONDONDERRY,VT 11,5,Fall,275,446
2004,10,2,Deer - Adult Doe,Deer,TRUE,RYEGATE,I 91,117.2,Fall,276,447
2004,10,2,Deer - Adult Doe,Deer,TRUE,RYEGATE,I 91,111.5,Fall,276,448
2004,10,2,Deer - Adult Doe,Deer,TRUE,RYEGATE,I 91,115,Fall,276,449
2004,10,3,Deer - Adult Doe,Deer,TRUE,BETHEL,VT 12,5,Fall,277,450
2004,10,4,Deer - Adult Doe,Deer,TRUE,ALBURG,US 2,2.048,Fall,278,451
2004,10,4,Skunk,Skunk,TRUE,MILTON,US 7,1,Fall,278,452
2004,10,4,Raccoon,Raccoon,TRUE,FAIRFIELD,VT 36,8.6,Fall,278,453
2004,10,4,Skunk,Skunk,TRUE,BAKERSFIELD,VT 36,1.4,Fall,278,454
2004,10,4,Coyote,Coyote,TRUE,PUTNEY,I 91,21.25,Fall,278,455
2004,10,4,Skunk,Skunk,TRUE,FAIRFIELD,VT 36,6,Fall,278,456
2004,10,4,Raccoon,Raccoon,TRUE,ST. ALBANS T,I 89,114.7,Fall,278,457
2004,10,4,Raccoon,Raccoon,TRUE,FAIRFIELD,VT 36,0.6,Fall,278,458
2004,10,4,Deer - Adult Doe,Deer,TRUE,ALBURG,VT 129,0.051,Fall,278,459
2004,10,4,Deer - Adult Doe,Deer,TRUE,HARTLAND,I 91,61.4,Fall,278,460
2004,10,4,Mink,Mink,TRUE,MILTON,US 2,3.3,Fall,278,461
2004,10,4,Raccoon,Raccoon,TRUE,FAIRFIELD,VT 36,6.6,Fall,278,462
2004,10,6,Raccoon,Raccoon,TRUE,ALBURG,US 2,6,Fall,280,463
2004,10,6,Raccoon,Raccoon,TRUE,HIGHGATE,I 89,128.05,Fall,280,464
2004,10,6,Raccoon,Raccoon,TRUE,SHELDON,VT 105,3.8,Fall,280,465
2004,10,6,Deer - Adult Buck,Deer,TRUE,HIGHGATE,I 89,126.4,Fall,280,466
2004,10,6,Raccoon,Raccoon,TRUE,SWANTON,I 89,121.3,Fall,280,467
2004,10,6,Cat,Cat,TRUE,HIGHGATE,VT 78,5.39,Fall,280,468
2004,10,6,Raccoon,Raccoon,TRUE,HARTLAND,VT 12,4.6,Fall,280,469
2004,10,6,Raccoon,Raccoon,TRUE,HIGHGATE,I 89,128.65,Fall,280,470
2004,10,6,Raccoon,Raccoon,TRUE,ALBURG,US 2,5.2,Fall,280,471
2004,10,6,Deer - Adult Doe,Deer,TRUE,HARTLAND,I 91,61.4,Fall,280,472
2004,10,10,Coyote,Coyote,TRUE,RANDOLPH,I 89,28.9,Fall,284,473
2004,10,10,Coyote,Coyote,TRUE,RANDOLPH,I 89,28.9,Fall,284,473.1
2004,10,10,Fox,Fox,TRUE,ROYALTON,I 89,19,Fall,284,474
2004,10,11,Skunk,Skunk,TRUE,MILTON,US 2,2.3,Fall,285,475
2004,10,11,Skunk,Skunk,TRUE,FAIRFIELD,VT 36,3.8,Fall,285,476
2004,10,11,Skunk,Skunk,TRUE,COLCHESTER,US 2,1.69,Fall,285,477
2004,10,11,Porcupine,Porcupine,TRUE,ST. ALBANS T,VT 36,0.56,Fall,285,478
2004,10,11,Skunk,Skunk,TRUE,ST. ALBANS T,VT 36,2,Fall,285,479
2004,10,11,Raccoon,Raccoon,TRUE,FAIRFIELD,VT 36,3.2,Fall,285,480
2004,10,11,Raccoon,Raccoon,TRUE,COLCHESTER,I 89,98.3,Fall,285,481
2004,10,11,Skunk,Skunk,TRUE,GEORGIA,I 89,108.7,Fall,285,482
2004,10,12,Skunk,Skunk,TRUE,SWANTON,I 89,121.25,Fall,286,483
2004,10,12,Skunk,Skunk,TRUE,SWANTON,I 89,121.25,Fall,286,483.1
2004,10,12,Raccoon,Raccoon,TRUE,ALBURG,VT 78,0.58,Fall,286,484
2004,10,12,Skunk,Skunk,TRUE,SWANTON,VT 78,1.6,Fall,286,485
2004,10,12,Skunk,Skunk,TRUE,SWANTON,VT 78,1.6,Fall,286,485.1
2004,10,12,Raccoon,Raccoon,TRUE,NORTH HERO,US 2,0.379,Fall,286,486
2004,10,12,Skunk,Skunk,TRUE,SHELDON,VT 105,3.4,Fall,286,487
2004,10,12,Skunk,Skunk,TRUE,HIGHGATE,VT 78,4.4,Fall,286,488
2004,10,12,Muskrat,Muskrat,TRUE,SWANTON,VT 78,3.4,Fall,286,489
2004,10,12,Raccoon,Raccoon,TRUE,SOUTH HERO,US 2,3.076,Fall,286,490
2004,10,13,Fox,Fox,TRUE,HARTLAND,I 91,63.5,Fall,287,491
2004,10,14,Raccoon,Raccoon,TRUE,HIGHGATE,I 89,126.8,Fall,288,492
2004,10,14,Raccoon,Raccoon,TRUE,HIGHGATE,I 89,125.45,Fall,288,493
2004,10,14,Other,Other,FALSE,MONTPELIER,I 89,54,Fall,288,494
2004,10,14,Deer - Adult Doe,Deer,TRUE,HARTLAND,I 91,61.2,Fall,288,495
2004,10,14,Muskrat,Muskrat,TRUE,ALBURG,VT 78,0.587,Fall,288,496
2004,10,14,Other,Other,FALSE,BOLTON,I 89,68,Fall,288,497
2004,10,14,Deer - Adult Doe,Deer,TRUE,FAIRLEE,I 91,89.25,Fall,288,498
2004,10,14,Cat,Cat,TRUE,HIGHGATE,VT 78,3.2,Fall,288,499
2004,10,14,Other,Other,TRUE,MONTPELIER,I 89,53,Fall,288,500
2004,10,14,Raccoon,Raccoon,TRUE,WINDSOR,I 91,57.5,Fall,288,501
2004,10,14,Skunk,Skunk,TRUE,HIGHGATE,VT 78,3,Fall,288,502
2004,10,14,Other,Other,FALSE,MIDDLESEX,I 89,59,Fall,288,503
2004,10,14,Raccoon,Raccoon,TRUE,HIGHGATE,I 89,128.6,Fall,288,504
2004,10,14,Skunk,Skunk,TRUE,SWANTON,VT 78,7.8,Fall,288,505
2004,10,14,Skunk,Skunk,TRUE,HIGHGATE,I 89,129,Fall,288,506
2004,10,15,Fox,Fox,TRUE,ROCKINGHAM,I 91,34,Fall,289,507
2004,10,15,Rabbit,Rabbit,TRUE,SOUTH HERO,VT 314,1.4,Fall,289,508
2004,10,15,Bear,Bear,TRUE,ROYALTON,I 89,16.25,Fall,289,509
2004,10,15,Raccoon,Raccoon,TRUE,NORTH HERO,US 2,6.8,Fall,289,510
2004,10,15,Deer - Adult Doe,Deer,TRUE,ROCKINGHAM,I 91,33.4,Fall,289,511
2004,10,15,Bear,Bear,TRUE,SPRINGFIELD,I 91,41.1,Fall,289,512
2004,10,15,Deer - Adult Doe,Deer,TRUE,ROCKINGHAM,I 91,32.8,Fall,289,513
2004,10,15,Beaver,Beaver,TRUE,ROCKINGHAM,I 91,33,Fall,289,514
2004,10,15,Beaver,Beaver,TRUE,ROCKINGHAM,I 91,33,Fall,289,514.1
2004,10,15,Coyote,Coyote,TRUE,BRATTLEBORO,I 91,11.9,Fall,289,515
2004,10,18,Rabbit,Rabbit,TRUE,ALBURG,US 2,1,Fall,292,516
2004,10,18,Raccoon,Raccoon,TRUE,HIGHGATE,I 89,124.9,Fall,292,517
2004,10,18,Raccoon,Raccoon,TRUE,FAIRFIELD,VT 36,6.2,Fall,292,518
2004,10,18,Raccoon,Raccoon,TRUE,ST. ALBANS T,I 89,112.6,Fall,292,519
2004,10,18,Raccoon,Raccoon,TRUE,SWANTON,US 7,2,Fall,292,520
2004,10,18,Skunk,Skunk,TRUE,SWANTON,US 7,3.6,Fall,292,521
2004,10,18,Skunk,Skunk,TRUE,FAIRFIELD,VT 36,7.2,Fall,292,522
2004,10,18,Raccoon,Raccoon,TRUE,NORTH HERO,US 2,5.47,Fall,292,523
2004,10,18,Skunk,Skunk,TRUE,SHELDON,VT 105,2.8,Fall,292,524
2004,10,18,Raccoon,Raccoon,TRUE,GEORGIA,VT 104A,1.2,Fall,292,525
2004,10,18,Raccoon,Raccoon,TRUE,ST. ALBANS T,I 89,113.1,Fall,292,526
2004,10,18,Raccoon,Raccoon,TRUE,NORTH HERO,US 2,1.4,Fall,292,527
2004,10,18,Raccoon,Raccoon,TRUE,MILTON,I 89,101.5,Fall,292,528
2004,10,18,Skunk,Skunk,TRUE,SHELDON,VT 78,0.2,Fall,292,529
2004,10,18,Raccoon,Raccoon,TRUE,GEORGIA,I 89,105.85,Fall,292,530
2004,10,18,Bird - Owl,Bird,FALSE,HIGHGATE,I 89,124,Fall,292,531
2004,10,18,Raccoon,Raccoon,TRUE,NORTH HERO,US 2,0.023,Fall,292,532
2004,10,18,Raccoon,Raccoon,TRUE,MILTON,US 2,2.6,Fall,292,533
2004,10,18,Raccoon,Raccoon,TRUE,ST. ALBANS T,VT 104,0.4,Fall,292,534
2004,10,18,Porcupine,Porcupine,TRUE,BAKERSFIELD,VT 36,1,Fall,292,535
2004,10,19,Deer - Adult Doe,Deer,TRUE,HARTLAND,I 91,62.2,Fall,293,536
2004,10,19,Coyote,Coyote,TRUE,WESTMINSTER,I 91,23.95,Fall,293,537
2004,10,19,Raccoon,Raccoon,TRUE,HIGHGATE,VT 78,4.66,Fall,293,538
2004,10,19,Deer - Adult Doe,Deer,TRUE,HARTLAND,I 91,62,Fall,293,539
2004,10,21,Skunk,Skunk,TRUE,HIGHGATE,I 89,124.35,Fall,295,540
2004,10,21,Deer - Adult Doe,Deer,TRUE,ALBURG,US 2,1.3,Fall,295,541
2004,10,21,Skunk,Skunk,TRUE,SWANTON,VT 78,8,Fall,295,542
2004,10,22,Raccoon,Raccoon,TRUE,WEST WINDSOR,VT 44,0.2,Fall,296,543
2004,10,22,Deer - Adult Unknown,Deer,TRUE,BRATTLEBORO,I 91,7.4,Fall,296,544
2004,10,22,Fox,Fox,TRUE,CHESTER,VT 11,3.4,Fall,296,545
2004,10,25,Muskrat,Muskrat,TRUE,SWANTON,I 89,118,Fall,299,546
2004,10,25,Raccoon,Raccoon,TRUE,SHARON,I 89,10.25,Fall,299,547
2004,10,25,Skunk,Skunk,TRUE,HIGHGATE,I 89,129,Fall,299,548
2004,10,25,Deer - Adult Unknown,Deer,TRUE,ALBURG,US 2,2.9,Fall,299,549
2004,10,25,Raccoon,Raccoon,TRUE,SHELDON,VT 105,1.2,Fall,299,550
2004,10,25,Raccoon,Raccoon,TRUE,ALBURG,US 2,1,Fall,299,551
2004,10,25,Raccoon,Raccoon,TRUE,SOUTH HERO,VT 314,1.4,Fall,299,552
2004,10,26,Deer - Adult Unknown,Deer,TRUE,RANDOLPH,VT 12,1,Fall,300,553
2004,10,27,Deer - Fawn Doe,Deer,TRUE,BARNET,I 91,120.2,Fall,301,554
2004,10,28,Deer - Adult Doe,Deer,TRUE,LUNENBURG,US 2,4.8,Fall,302,555
2004,10,29,Raccoon,Raccoon,TRUE,ALBURG,US 2,9.6,Fall,303,556
2004,10,29,Deer - Adult Doe,Deer,TRUE,PUTNEY,I 91,22.85,Fall,303,557
2004,10,29,Deer - Adult Buck,Deer,TRUE,NORWICH,I 91,75.7,Fall,303,558
2004,10,29,Other,Other,TRUE,RICHMOND,I 89,74,Fall,303,559
2004,10,29,Deer - Adult Doe,Deer,TRUE,MIDDLESEX,I 89,55,Fall,303,560
2004,10,29,Deer - Adult Buck,Deer,TRUE,MIDDLESEX,I 89,57,Fall,303,561
2004,10,29,Other,Other,FALSE,MIDDLESEX,I 89,59,Fall,303,562
2004,11,1,Deer - Adult Buck,Deer,TRUE,NORWICH,I 91,78.35,Fall,306,563
2004,11,1,Squirrel,Squirrel,TRUE,HARTLAND,US 5,5.5,Fall,306,564
2004,11,1,Raccoon,Raccoon,TRUE,SWANTON,I 89,122.7,Fall,306,565
2004,11,1,Deer - Fawn Doe,Deer,TRUE,THETFORD,I 91,83.25,Fall,306,566
2004,11,1,Raccoon,Raccoon,TRUE,SWANTON,I 89,121.75,Fall,306,567
2004,11,1,Moose,Moose,TRUE,SHEFFIELD,I 91,146,Fall,306,568
2004,11,2,Squirrel,Squirrel,TRUE,HARTLAND,I 91,62,Fall,307,569
2004,11,2,Fox,Fox,TRUE,HIGHGATE,US 7,4.6,Fall,307,570
2004,11,2,Deer - Adult Doe,Deer,TRUE,LONDONDERRY,VT 11,1,Fall,307,571
2004,11,3,Otter,Otter,TRUE,IRA,US 4,10.85,Fall,308,572
2004,11,3,Coyote,Coyote,TRUE,WESTMINSTER,I 91,23.7,Fall,308,573
2004,11,3,Beaver,Beaver,TRUE,BROOKFIELD,I 89,35,Fall,308,574
2004,11,4,Fox,Fox,TRUE,ROCKINGHAM,I 91,37.55,Fall,309,575
2004,11,4,Deer - Adult Doe,Deer,TRUE,WINDSOR,I 91,55.35,Fall,309,576
2004,11,4,Fox,Fox,TRUE,ROCKINGHAM,I 91,37.55,Fall,309,577
2004,11,5,Fisher,Fisher,TRUE,SPRINGFIELD,I 91,44,Fall,310,578
2004,11,5,Deer - Adult Buck,Deer,TRUE,DUMMERSTON,I 91,14.15,Fall,310,579
2004,11,5,Coyote,Coyote,TRUE,PUTNEY,I 91,18.95,Fall,310,580
2004,11,8,Bear,Bear,TRUE,SPRINGFIELD,I 91,44.8,Fall,313,581
2004,11,8,Beaver,Beaver,TRUE,EAST MONTPEL,VT 14,0.55,Fall,313,582
2004,11,8,Squirrel,Squirrel,TRUE,HARTLAND,US 5,4,Fall,313,583
2004,11,8,Deer - Adult Doe,Deer,TRUE,WESTMINSTER,I 91,23.8,Fall,313,584
2004,11,8,Fisher,Fisher,TRUE,HIGHGATE,VT 78,6.6,Fall,313,585
2004,11,8,Deer - Adult Unknown,Deer,TRUE,ROCKINGHAM,I 91,36.2,Fall,313,586
2004,11,8,Raccoon,Raccoon,TRUE,SWANTON,I 89,122.5,Fall,313,587
2004,11,9,Beaver,Beaver,TRUE,ALBURG,VT 129,0.051,Fall,314,588
2004,11,9,Beaver,Beaver,TRUE,ALBURG,US 2,5.47,Fall,314,589
2004,11,9,Deer - Adult Buck,Deer,TRUE,FAIRLEE,I 91,93.35,Fall,314,590
2004,11,9,Deer - Adult Doe,Deer,TRUE,BROOKFIELD,I 89,37.9,Fall,314,591
2004,11,9,Squirrel,Squirrel,TRUE,WINDSOR,VT 44,0.2,Fall,314,592
2004,11,10,Deer - Adult Unknown,Deer,TRUE,ST. JOHNSBUR,I 93,9,Fall,315,593
2004,11,10,Coyote,Coyote,TRUE,DERBY,I 91,169,Fall,315,594
2004,11,10,Coyote,Coyote,TRUE,THETFORD,I 91,87,Fall,315,595
2004,11,11,Deer - Fawn Doe,Deer,TRUE,BERLIN,I 89,46.5,Fall,316,596
2004,11,15,Deer - Adult Unknown,Deer,TRUE,BARRE TOWN,US 302,0.057,Fall,320,597
2004,11,15,Deer - Adult Doe,Deer,TRUE,LONDONDERRY,VT 11,3,Fall,320,598
2004,11,15,Bird - Owl,Bird,FALSE,LONDONDERRY,VT 11,0.5,Fall,320,599
2004,11,16,Deer - Adult Unknown,Deer,TRUE,WATERFORD,I 93,8.8,Fall,321,600
2004,11,16,Deer - Adult Unknown,Deer,TRUE,SWANTON,I 89,122.6,Fall,321,601
2004,11,16,Muskrat,Muskrat,TRUE,SWANTON,VT 78,1.6,Fall,321,602
2004,11,16,Muskrat,Muskrat,TRUE,SWANTON,VT 78,1.6,Fall,321,602.1
2004,11,16,Deer - Adult Doe,Deer,TRUE,SWANTON,I 89,119.45,Fall,321,603
2004,11,18,Deer - Adult Buck,Deer,TRUE,BRATTLEBORO,I 91,9.6,Fall,323,604
2004,11,18,Deer - Adult Doe,Deer,TRUE,GUILFORD,I 91,2.2,Fall,323,605
2004,11,18,Deer - Adult Buck,Deer,TRUE,RYEGATE,I 91,115,Fall,323,606
2004,11,19,Deer - Adult Doe,Deer,TRUE,BRADFORD,I 91,100,Fall,324,607
2004,11,19,Deer - Adult Doe,Deer,TRUE,CONCORD,US 2,5.6,Fall,324,608
2004,11,19,Deer - Adult Buck,Deer,TRUE,DUMMERSTON,I 91,16,Fall,324,609
2004,11,22,Deer - Adult Doe,Deer,TRUE,NEWBURY,I 91,103,Fall,327,610
2004,11,22,Deer - Adult Doe,Deer,TRUE,ROCKINGHAM,I 91,38.4,Fall,327,611
2004,11,22,Coyote,Coyote,TRUE,SPRINGFIELD,I 91,43,Fall,327,612
2004,11,23,Deer - Adult Doe,Deer,TRUE,ALBURG,US 2,1.7,Fall,328,613
2004,11,23,Deer - Fawn Doe,Deer,TRUE,ALBURG,US 2,1.8,Fall,328,614
2004,11,24,Deer - Adult Buck,Deer,TRUE,THETFORD,I 91,87.4,Fall,329,615
2004,11,25,Deer - Adult Unknown,Deer,TRUE,ELMORE,VT 12,7.9,Fall,330,616
2004,11,29,Deer - Adult Doe,Deer,TRUE,BERLIN,I 89,46.5,Fall,334,617
2004,11,29,Deer - Adult Doe,Deer,TRUE,FAIRLEE,I 91,94.95,Fall,334,618
2004,11,29,Deer - Adult Buck,Deer,TRUE,WINDSOR,I 91,56,Fall,334,619
2004,11,30,Raccoon,Raccoon,TRUE,CLARENDON,VT 103,0,Fall,335,620
2004,11,30,Deer - Adult Doe,Deer,TRUE,NEWBURY,I 91,106.5,Fall,335,621
2004,11,30,Deer - Adult Buck,Deer,TRUE,HARTLAND,I 91,61,Fall,335,622
2004,12,1,Deer - Adult Doe,Deer,TRUE,GUILFORD,I 91,5.056,Fall,336,623
2004,12,1,Deer - Adult Doe,Deer,TRUE,GUILFORD,I 91,5.056,Fall,336,624
2004,12,1,Deer - Adult Buck,Deer,TRUE,WEATHERSFIEL,I 91,48.3,Fall,336,625
2004,12,1,Deer - Adult Doe,Deer,TRUE,WEATHERSFIEL,I 91,48.3,Fall,336,626
2004,12,1,Deer - Adult Doe,Deer,TRUE,HARTLAND,I 91,62.5,Fall,336,627
2004,12,1,Deer - Adult Buck,Deer,TRUE,SPRINGFIELD,I 91,43.55,Fall,336,628
2004,12,2,Deer - Adult Unknown,Deer,TRUE,PITTSFORD,VT 3,2,Fall,337,629
2004,12,2,Coyote,Coyote,TRUE,HARTLAND,US 5,3.6,Fall,337,630
2004,12,2,Deer - Fawn Doe,Deer,TRUE,WEATHERSFIEL,I 91,53,Fall,337,631
2004,12,2,Bird - Owl,Bird,FALSE,SPRINGFIELD,I 91,46.2,Fall,337,632
2004,12,2,Deer - Fawn Doe,Deer,TRUE,BRANDON,VT 73,0,Fall,337,633
2004,12,3,Bear,Bear,TRUE,VERNON,I 91,3.4,Fall,338,634
2004,12,6,Deer - Adult Doe,Deer,TRUE,RYEGATE,I 91,115.6,Fall,341,635
2004,12,6,Skunk,Skunk,TRUE,WINDSOR,US 5,2.8,Fall,341,636
2004,12,6,Deer - Adult Buck,Deer,TRUE,WEST WINDSOR,VT 44,3.1,Fall,341,637
2004,12,7,Deer - Adult Unknown,Deer,TRUE,STOWE,VT 108,5.4,Fall,342,638
2004,12,7,Deer - Adult Buck,Deer,TRUE,THETFORD,I 91,83.85,Fall,342,639
2004,12,11,Deer - Adult Buck,Deer,TRUE,BARTON,VT 16,0.5,Fall,346,640
2004,12,14,Bobcat,Bobcat,TRUE,GRANVILLE,VT 12A,1.6,Fall,349,641
2004,12,14,Deer - Adult Doe,Deer,TRUE,THETFORD,I 91,82.4,Fall,349,642
2004,12,15,Fox,Fox,TRUE,DERBY,I 91,175.5,Fall,350,643
2004,12,17,Deer - Adult Unknown,Deer,TRUE,ST. JOHNSBUR,I 91,131,Fall,352,644
2004,12,22,Deer - Adult Doe,Deer,TRUE,HARTLAND,I 91,62.5,Winter,357,645
2004,12,22,Deer - Fawn Doe,Deer,TRUE,WINDSOR,I 91,55.3,Winter,357,646
2004,12,22,Deer - Adult Doe,Deer,TRUE,THETFORD,I 91,86,Winter,357,647
2004,12,23,Deer - Adult Unknown,Deer,TRUE,ST. JOHNSBUR,I 91,133.5,Winter,358,648
2004,12,23,Coyote,Coyote,TRUE,WINDSOR,I 91,55.3,Winter,358,649
2004,12,23,Skunk,Skunk,TRUE,WINDSOR,US 5,5.1,Winter,358,650
2004,12,28,Deer - Adult Unknown,Deer,TRUE,GREENSBORO,VT 16,0.5,Winter,363,651
2004,12,29,Deer - Adult Doe,Deer,TRUE,THETFORD,I 91,85.45,Winter,364,652
2004,12,29,Coyote,Coyote,TRUE,WATERBURY,I 89,61.25,Winter,364,653
2004,12,29,Coyote,Coyote,TRUE,RANDOLPH,I 89,29,Winter,364,654
2004,12,29,Deer - Adult Buck,Deer,TRUE,ST. JOHNSBUR,US 2,0.4,Winter,364,655
2004,12,30,Deer - Adult Unknown,Deer,TRUE,FAIRLEE,I 91,89.6,Winter,365,656
2005,6,23,Moose,Moose,TRUE,SEARSBURG,VT 8,2.1,Summer,366,890
2005,6,23,Moose,Moose,TRUE,BOLTON,US 2,4.03,Summer,366,891
2005,6,23,Beaver,Beaver,TRUE,BETHEL,VT 107,4.15,Summer,366,892
2005,6,24,Deer - Adult Doe,Deer,TRUE,ROCKINGHAM,I 91,37.75,Summer,366,893
2005,6,24,Deer - Adult Unknown,Deer,TRUE,ROCKINGHAM,I 91,35,Summer,366,894
2005,6,24,Coyote,Coyote,TRUE,PUTNEY,I 91,21.75,Summer,366,895
2005,6,24,Opossum,Opossum,TRUE,PUTNEY,I 91,21.75,Summer,366,895.1
2005,6,25,Deer - Adult Buck,Deer,TRUE,HARTLAND,VT 12,5.2,Summer,366,896
2005,6,27,Porcupine,Porcupine,TRUE,HARTLAND,VT 12,5.6,Summer,366,897
2005,6,28,Deer - Adult Doe with Fawn,Deer,TRUE,WOODSTOCK,VT 106,4.2,Summer,366,898
2005,6,28,Deer - Adult Doe,Deer,TRUE,FAIR HAVEN,US 4,0.4,Summer,366,899
2005,6,29,Deer - Adult Buck,Deer,TRUE,HARTLAND,I 91,63.75,Summer,366,900
2005,6,30,Deer - Adult Doe,Deer,TRUE,DANVILLE,US 2,8,Summer,366,901
2005,1,5,Deer - Adult Doe,Deer,TRUE,THETFORD,I 91,85.55,Winter,371,657
2005,1,7,Deer - Adult Doe,Deer,TRUE,DERBY,I 91,175.5,Winter,373,658
2005,1,7,Deer - Adult Doe,Deer,TRUE,DERBY,I 91,175.45,Winter,373,659
2005,1,10,Deer - Adult Unknown,Deer,TRUE,EAST MONTPEL,US 2,0.18,Winter,376,660
2005,1,10,Deer - Adult Doe,Deer,TRUE,STOWE,VT 108,5.6,Winter,376,661
2005,1,12,Coyote,Coyote,TRUE,FAIRLEE,I 91,90.1,Winter,378,662
2005,1,19,Deer - Adult Doe,Deer,TRUE,HIGHGATE,I 89,124.5,Winter,385,663
2005,1,20,Deer - Adult Doe,Deer,TRUE,HIGHGATE,I 89,124.1,Winter,386,664
2005,1,22,Moose,Moose,TRUE,CONCORD,US 2,9.7,Winter,388,665
2005,1,25,Deer - Adult Doe,Deer,TRUE,SWANTON,I 89,123.95,Winter,391,666
2005,1,27,Deer - Fawn Buck,Deer,TRUE,CASTLETON,US 4,6.05,Winter,393,667
2005,2,7,Deer - Fawn Doe,Deer,TRUE,CASTLETON,US 4,3.491,Winter,404,668
2005,2,8,Bobcat,Bobcat,TRUE,WORCESTER,VT 12,5.8,Winter,405,669
2005,2,16,Raccoon,Raccoon,TRUE,CASTLETON,US 4,9,Winter,413,670
2005,2,21,Bird - Unknown,Bird,FALSE,READSBORO,VT 100,2.3,Winter,418,671
2005,2,28,Fox,Fox,TRUE,FAIR HAVEN,US 4,0,Winter,425,672
2005,3,1,Deer - Adult Doe,Deer,TRUE,HIGHGATE,I 89,124.25,Winter,426,673
2005,3,7,Fox,Fox,TRUE,MIDDLESEX,I 89,59,Winter,432,674
2005,3,7,Mink,Mink,TRUE,PUTNEY,I 91,22.65,Winter,432,675
2005,3,7,Deer - Adult Doe,Deer,TRUE,WESTMINSTER,I 91,24.2,Winter,432,676
2005,3,14,Raccoon,Raccoon,TRUE,WEST RUTLAND,US 4,12,Winter,439,677
2005,3,15,Deer - Adult Doe,Deer,TRUE,WINDSOR,I 91,57.4,Winter,440,678
2005,3,15,Skunk,Skunk,TRUE,FAIR HAVEN,VT 4A,2.5,Winter,440,679
2005,3,15,Fox,Fox,TRUE,MIDDLESEX,I 89,60,Winter,440,680
2005,3,15,Fox,Fox,TRUE,MIDDLESEX,I 89,60,Winter,440,681
2005,3,15,Bobcat,Bobcat,TRUE,WATERBURY,I 89,61,Winter,440,682
2005,3,15,Bird - Unknown,Bird,FALSE,IRA,US 4,11.2,Winter,440,683
2005,3,16,Deer - Adult Doe,Deer,TRUE,WINDSOR,I 91,57.45,Winter,441,684
2005,3,17,Bird - Turkey,Bird,FALSE,LUNENBURG,US 2,2,Winter,442,685
2005,3,17,Bird - Turkey,Bird,FALSE,LUNENBURG,US 2,2,Winter,442,685.1
2005,3,17,Bird - Turkey,Bird,FALSE,LUNENBURG,US 2,2,Winter,442,685.2
2005,3,17,Deer - Adult Unknown,Deer,TRUE,BARRE TOWN,US 302,0.2,Winter,442,686
2005,3,17,Deer - Adult Buck,Deer,TRUE,WINDSOR,I 91,57.5,Winter,442,687
2005,3,18,Deer - Adult Doe,Deer,TRUE,HARTLAND,I 91,63,Winter,443,688
2005,3,21,Deer - Adult Unknown,Deer,TRUE,HARTLAND,US 5,4.1,Spring,446,689
2005,3,21,Deer - Adult Unknown,Deer,TRUE,DUMMERSTON,VT 30,4,Spring,446,690
2005,3,22,Deer - Adult Doe,Deer,TRUE,CHESTER,VT 11,3.905,Spring,447,691
2005,3,22,Deer - Adult Buck,Deer,TRUE,HARTLAND,US 5,5,Spring,447,692
2005,3,23,Coyote,Coyote,TRUE,BOLTON,I 89,73,Spring,448,693
2005,3,23,Beaver,Beaver,TRUE,HARTLAND,US 5,0.1,Spring,448,694
2005,3,23,Fox,Fox,TRUE,MIDDLESEX,I 89,59,Spring,448,695
2005,3,24,Beaver,Beaver,TRUE,HARTLAND,US 5,0.1,Spring,449,696
2005,3,24,Fisher,Fisher,TRUE,ROCKINGHAM,I 91,31.8,Spring,449,697
2005,3,24,Raccoon,Raccoon,TRUE,WATERBURY,I 89,67,Spring,449,698
2005,3,24,Coyote,Coyote,TRUE,BOLTON,I 89,73,Spring,449,699
2005,3,24,Coyote,Coyote,TRUE,BOLTON,I 89,73,Spring,449,699.1
2005,3,24,Fox,Fox,TRUE,MIDDLESEX,I 89,59,Spring,449,700
2005,3,25,Deer - Adult Doe,Deer,TRUE,PLAINFIELD,US 2,0.08,Spring,450,701
2005,3,25,Mink,Mink,TRUE,HARTLAND,VT 12,4,Spring,450,702
2005,3,25,Bird - Turkey,Bird,FALSE,SHARON,I 89,14,Spring,450,703
2005,3,25,Deer - Adult Unknown,Deer,TRUE,SHARON,I 89,11.5,Spring,450,704
2005,3,27,Fisher,Fisher,TRUE,WATERBURY,I 89,62,Spring,452,705
2005,3,27,Deer - Adult Unknown,Deer,TRUE,SHARON,I 89,11.2,Spring,452,706
2005,3,28,Mink,Mink,TRUE,HARTLAND,VT 12,5,Spring,453,707
2005,3,28,Deer - Fawn Doe,Deer,TRUE,BRADFORD,I 91,99.2,Spring,453,708
2005,3,28,Deer - Adult Unknown,Deer,TRUE,NEWBURY,I 91,104.5,Spring,453,709
2005,3,30,Deer - Adult Doe,Deer,TRUE,CASTLETON,VT 30,6,Spring,455,710
2005,3,30,Skunk,Skunk,TRUE,CASTLETON,US 4,8.5,Spring,455,711
2005,3,31,Deer - Adult Doe,Deer,TRUE,IRA,VT 133,1.2,Spring,456,712
2005,3,31,Deer - Adult Doe,Deer,TRUE,HIGHGATE,I 89,124.45,Spring,456,713
2005,4,1,Beaver,Beaver,TRUE,ROCKINGHAM,I 91,33,Spring,457,714
2005,4,1,Bird - Unknown,Bird,FALSE,WELLS,VT 30,0.3,Spring,457,715
2005,4,1,Coyote,Coyote,TRUE,SPRINGFIELD,I 91,45,Spring,457,716
2005,4,4,Coyote,Coyote,TRUE,HARTLAND,I 91,63,Spring,460,717
2005,4,4,Deer - Adult Doe,Deer,TRUE,RYEGATE,I 91,112.25,Spring,460,718
2005,4,4,Skunk,Skunk,TRUE,WEST RUTLAND,US 4,14.05,Spring,460,719
2005,4,4,Deer - Adult Doe,Deer,TRUE,SWANTON,I 89,120.35,Spring,460,720
2005,4,4,Deer - Adult Unknown,Deer,TRUE,WEST RUTLAND,US 4,13.6,Spring,460,721
2005,4,5,Fox,Fox,TRUE,WINDSOR,I 91,54,Spring,461,722
2005,4,5,Woodchuck,Woodchuck,TRUE,CASTLETON,US 4,6.7,Spring,461,723
2005,4,5,Coyote,Coyote,TRUE,CASTLETON,US 4,9.35,Spring,461,724
2005,4,5,Fox,Fox,TRUE,WEST RUTLAND,US 4,12.85,Spring,461,725
2005,4,6,Dog,Dog,TRUE,FAIR HAVEN,US 4,2.25,Spring,462,726
2005,4,6,Skunk,Skunk,TRUE,POULTNEY,VT 30,6.6,Spring,462,727
2005,4,6,Beaver,Beaver,TRUE,ROCKINGHAM,I 91,38.4,Spring,462,728
2005,4,6,Fox,Fox,TRUE,WINDSOR,US 5,5.1,Spring,462,729
2005,4,6,Skunk,Skunk,TRUE,WELLS,VT 31,1.4,Spring,462,730
2005,4,6,Raccoon,Raccoon,TRUE,WELLS,VT 30,3.4,Spring,462,731
2005,4,6,Deer - Adult Doe,Deer,TRUE,BERLIN,I 89,48.6,Spring,462,732
2005,4,6,Beaver,Beaver,TRUE,BROOKFIELD,I 89,36.2,Spring,462,733
2005,4,6,Bird - Turkey,Bird,FALSE,WELLS,VT 30,2.8,Spring,462,734
2005,4,7,Coyote,Coyote,TRUE,WEATHERSFIEL,US 5,4,Spring,463,735
2005,4,7,Deer - Adult Unknown,Deer,TRUE,CASTLETON,US 4,8.5,Spring,463,736
2005,4,7,Opossum,Opossum,TRUE,WELLS,VT 30,0.2,Spring,463,737
2005,4,8,Deer - Adult Doe,Deer,TRUE,SWANTON,I 89,120.15,Spring,464,738
2005,4,8,Beaver,Beaver,TRUE,GUILFORD,I 91,1.5,Spring,464,739
2005,4,8,Beaver,Beaver,TRUE,GUILFORD,I 91,1.5,Spring,464,739.1
2005,4,11,Deer - Adult Doe,Deer,TRUE,THETFORD,VT 113,6.5,Spring,467,740
2005,4,11,Other,Other,FALSE,MIDDLESEX,I 89,59,Spring,467,741
2005,4,11,Mink,Mink,TRUE,MIDDLESEX,I 89,55,Spring,467,742
2005,4,11,Beaver,Beaver,TRUE,MIDDLESEX,I 89,60,Spring,467,743
2005,4,11,Beaver,Beaver,TRUE,WATERBURY,I 89,61,Spring,467,744
2005,4,11,Fox,Fox,TRUE,CLARENDON,US 7,5.39,Spring,467,745
2005,4,13,Bird - Turkey,Bird,FALSE,CLARENDON,US 7,3.2,Spring,469,746
2005,4,13,Bird - Turkey,Bird,FALSE,CLARENDON,US 7,4,Spring,469,747
2005,4,13,Bird - Turkey,Bird,FALSE,WEST RUTLAND,US 4,16,Spring,469,748
2005,4,14,Deer - Adult Unknown,Deer,TRUE,READSBORO,VT 8,1.42,Spring,470,749
2005,4,14,Coyote,Coyote,TRUE,BRADFORD,I 91,101.15,Spring,470,750
2005,4,14,Moose,Moose,TRUE,SEARSBURG,VT 8,0.65,Spring,470,751
2005,4,15,Bird - Turkey,Bird,FALSE,CLARENDON,US 7,4,Spring,471,752
2005,4,15,Bird - Turkey,Bird,FALSE,THETFORD,I 91,86,Spring,471,753
2005,4,17,Bird - Unknown,Bird,FALSE,ROCKINGHAM,I 91,38.4,Spring,473,754
2005,4,18,Other,Other,FALSE,WATERBURY,I 89,63.6,Spring,474,755
2005,4,18,Bird - Turkey,Bird,FALSE,NORWICH,I 91,79.35,Spring,474,756
2005,4,18,Deer - Adult Doe,Deer,TRUE,EAST MONTPEL,VT 14,0.315,Spring,474,757
2005,4,18,Coyote,Coyote,TRUE,STOWE,VT 100,1.75,Spring,474,758
2005,4,18,Beaver,Beaver,TRUE,FAIRLEE,I 91,90.85,Spring,474,759
2005,4,18,Coyote,Coyote,TRUE,BERLIN,I 89,48.25,Spring,474,760
2005,4,18,Other,Other,FALSE,MIDDLESEX,I 89,59.45,Spring,474,761
2005,4,18,Other,Other,FALSE,MIDDLESEX,I 89,59.65,Spring,474,762
2005,4,19,Deer - Adult Buck,Deer,TRUE,BARRE CITY,VT 14,0.32,Spring,475,763
2005,4,20,Other,Other,FALSE,WATERBURY,I 89,67,Spring,476,764
2005,4,21,Beaver,Beaver,TRUE,EAST MONTPEL,VT 14,0.55,Spring,477,765
2005,4,22,Beaver,Beaver,TRUE,EAST MONTPEL,US 2,0.19,Spring,478,766
2005,4,26,Beaver,Beaver,TRUE,EAST MONTPEL,US 2,0.24,Spring,482,767
2005,4,26,Deer - Adult Buck,Deer,TRUE,WESTMINSTER,I 91,26,Spring,482,768
2005,4,26,Bird - Turkey,Bird,FALSE,WILLISTON,I 89,80,Spring,482,769
2005,4,28,Coyote,Coyote,TRUE,WEATHERSFIEL,I 91,48,Spring,484,770
2005,5,1,Deer - Adult Doe,Deer,TRUE,WEATHERSFIEL,I 91,48.55,Spring,487,771
2005,5,2,Mink,Mink,TRUE,HARTLAND,VT 12,3,Spring,488,772
2005,5,2,Beaver,Beaver,TRUE,WEATHERSFIEL,I 91,48.75,Spring,488,773
2005,5,2,Deer - Adult Doe,Deer,TRUE,HARTLAND,US 5,0,Spring,488,774
2005,5,2,Beaver,Beaver,TRUE,HARTLAND,US 5,0.1,Spring,488,775
2005,5,3,Beaver,Beaver,TRUE,HARTLAND,I 91,60.5,Spring,489,776
2005,5,3,Mink,Mink,TRUE,HARTLAND,VT 12,5,Spring,489,777
2005,5,4,Deer - Adult Doe,Deer,TRUE,WINDSOR,I 91,55.9,Spring,490,778
2005,5,5,Porcupine,Porcupine,TRUE,HARTLAND,VT 12,6,Spring,491,779
2005,5,5,Beaver,Beaver,TRUE,CABOT,US 2,0.243,Spring,491,780
2005,5,5,Deer - Adult Doe,Deer,TRUE,WINDSOR,I 91,55.4,Spring,491,781
2005,5,5,Beaver,Beaver,TRUE,EAST MONTPEL,US 2,0.065,Spring,491,782
2005,5,5,Other,Other,FALSE,HARTLAND,VT 12,6.5,Spring,491,783
2005,5,5,Deer - Adult Doe,Deer,TRUE,WOODSTOCK,VT 106,4.5,Spring,491,784
2005,5,5,Moose,Moose,TRUE,ROCKINGHAM,I 91,38.05,Spring,491,785
2005,5,6,Deer - Adult Doe,Deer,TRUE,WINDSOR,VT 44,2.4,Spring,492,786
2005,5,9,Bird - Turkey,Bird,FALSE,HARTLAND,I 91,60.6,Spring,495,787
2005,5,10,Deer - Fawn Doe,Deer,TRUE,CHESTER,VT 103,0.52,Spring,496,788
2005,5,10,Bird - Turkey,Bird,FALSE,HARTLAND,I 91,63.5,Spring,496,789
2005,5,18,Skunk,Skunk,TRUE,POULTNEY,VT 30,2.3,Spring,504,790
2005,5,18,Skunk,Skunk,TRUE,PAWLET,VT 133,3.2,Spring,504,791
2005,5,19,Deer - Adult Unknown,Deer,TRUE,SWANTON,I 89,118.5,Spring,505,792
2005,5,19,Skunk,Skunk,TRUE,FAIR HAVEN,VT 22A,4.1,Spring,505,793
2005,5,19,Woodchuck,Woodchuck,TRUE,FAIR HAVEN,US 4,1.5,Spring,505,794
2005,5,23,Beaver,Beaver,TRUE,SWANTON,VT 207,3.6,Spring,509,795
2005,5,23,Deer - Adult Doe,Deer,TRUE,ST. ALBANS T,US 7,1.7,Spring,509,796
2005,5,23,Beaver,Beaver,TRUE,SWANTON,VT 78,0,Spring,509,797
2005,5,23,Deer - Adult Buck,Deer,TRUE,SWANTON,I 89,119.55,Spring,509,798
2005,5,23,Fox,Fox,TRUE,BERLIN,I 89,47.3,Spring,509,799
2005,5,23,Fox,Fox,TRUE,BERLIN,I 89,47.3,Spring,509,799.1
2005,5,23,Fox,Fox,TRUE,BERLIN,I 89,47.3,Spring,509,799.2
2005,5,23,Deer - Adult Doe,Deer,TRUE,BETHEL,I 89,25.5,Spring,509,800
2005,5,24,Porcupine,Porcupine,TRUE,CASTLETON,US 4,8.9,Spring,510,801
2005,5,24,Porcupine,Porcupine,TRUE,POULTNEY,VT 31,2.4,Spring,510,802
2005,5,24,Skunk,Skunk,TRUE,WELLS,VT 30,0.85,Spring,510,803
2005,5,24,Porcupine,Porcupine,TRUE,WEST RUTLAND,US 4,15.85,Spring,510,804
2005,5,25,Raccoon,Raccoon,TRUE,SWANTON,I 89,118,Spring,511,805
2005,5,26,Coyote,Coyote,TRUE,STOCKBRIDGE,VT 107,0.7,Spring,512,806
2005,5,27,Deer - Adult Doe,Deer,TRUE,MORRISTOWN,VT 15,3.3,Spring,513,807
2005,5,27,Woodchuck,Woodchuck,TRUE,FAIR HAVEN,VT 4A,1.3,Spring,513,808
2005,5,30,Skunk,Skunk,TRUE,GEORGIA,I 89,106,Spring,516,809
2005,6,1,Woodchuck,Woodchuck,TRUE,WEST RUTLAND,VT 4A,0,Spring,522,810
2005,6,1,Porcupine,Porcupine,TRUE,WEST RUTLAND,VT 133,1.2,Spring,523,811
2005,6,1,Porcupine,Porcupine,TRUE,FAIR HAVEN,VT 22A,1.9,Spring,523,812
2005,6,1,Deer - Adult Doe,Deer,TRUE,WINDSOR,I 91,56.5,Spring,523,813
2005,6,1,Deer - Fawn Doe,Deer,TRUE,WINDSOR,I 91,56.2,Spring,523,814
2005,6,1,Skunk,Skunk,TRUE,IRA,US 4,11.4,Spring,523,815
2005,6,2,Porcupine,Porcupine,TRUE,HARTLAND,I 91,62.5,Spring,524,816
2005,6,2,Raccoon,Raccoon,TRUE,RICHMOND,I 89,74,Spring,524,817
2005,6,2,Beaver,Beaver,TRUE,SOUTH BURLIN,I 89,86,Spring,524,818
2005,6,3,Bird - Turkey,Bird,FALSE,IRA,US 4,10.9,Spring,524,819
2005,6,3,Fox,Fox,TRUE,WEST RUTLAND,US 4,14.9,Spring,524,820
2005,6,3,Porcupine,Porcupine,TRUE,WEST RUTLAND,VT 133,1.2,Spring,524,821
2005,6,5,Deer - Adult Buck,Deer,TRUE,HARTLAND,VT 12,5.1,Spring,525,822
2005,6,6,Muskrat,Muskrat,TRUE,MILTON,US 2,2.3,Spring,525,823
2005,6,6,Raccoon,Raccoon,TRUE,MILTON,US 7,0.1,Spring,525,824
2005,6,6,Raccoon,Raccoon,TRUE,MILTON,I 89,103.15,Spring,525,825
2005,6,6,Other,Other,TRUE,BARTON,I 91,159.8,Spring,525,826
2005,6,6,Raccoon,Raccoon,TRUE,FAIRFIELD,VT 36,0.9,Spring,525,827
2005,6,7,Porcupine,Porcupine,TRUE,WILLIAMSTOWN,I 89,45.9,Spring,525,828
2005,6,7,Turtle - unknown,Turtle,FALSE,BERLIN,VT 62,0.2,Spring,525,829
2005,6,7,Bird - Turkey,Bird,FALSE,BROOKFIELD,I 89,38.7,Spring,525,830
2005,6,7,Deer - Adult Doe,Deer,TRUE,BARTON,I 91,161,Spring,526,831
2005,6,7,Porcupine,Porcupine,TRUE,BROOKFIELD,I 89,38.7,Spring,526,832
2005,6,7,Porcupine,Porcupine,TRUE,WILLIAMSTOWN,I 89,45.3,Spring,526,833
2005,6,8,Deer - Adult Unknown,Deer,TRUE,RICHMOND,I 89,74,Spring,526,834
2005,6,8,Bird - Vulture,Bird,FALSE,IRA,US 4,11.5,Spring,526,835
2005,6,8,Porcupine,Porcupine,TRUE,FAIR HAVEN,US 4,3,Spring,526,836
2005,6,8,Porcupine,Porcupine,TRUE,WEST RUTLAND,US 4,14.8,Spring,526,837
2005,6,8,Skunk,Skunk,TRUE,FAIR HAVEN,US 4,1,Spring,527,838
2005,6,8,Porcupine,Porcupine,TRUE,WEST RUTLAND,US 4,15.8,Spring,527,839
2005,6,8,Deer - Adult Doe,Deer,TRUE,BOLTON,I 89,72,Spring,527,840
2005,6,8,Other,Other,FALSE,WATERBURY,VT 100,4.5,Spring,527,841
2005,6,8,Turtle - unknown,Turtle,FALSE,WATERBURY,VT 100,3,Spring,529,842
2005,6,9,Raccoon,Raccoon,TRUE,FAIRFIELD,VT 36,3,Spring,530,843
2005,6,9,Deer - Adult Buck,Deer,TRUE,WILLIAMSTOWN,I 89,45,Spring,530,844
2005,6,9,Fox,Fox,TRUE,GEORGIA,I 89,109,Spring,530,845
2005,6,9,Deer - Adult Buck,Deer,TRUE,BERLIN,I 89,48.3,Spring,530,846
2005,6,9,Rabbit,Rabbit,TRUE,FAIRFAX,VT 104,7,Spring,531,847
2005,6,9,Raccoon,Raccoon,TRUE,BAKERSFIELD,VT 36,0.4,Spring,531,848
2005,6,9,Deer - Adult Doe,Deer,TRUE,BERLIN,I 89,50.15,Spring,531,849
2005,6,10,Woodchuck,Woodchuck,TRUE,PAWLET,VT 133,3.2,Spring,531,850
2005,6,10,Other,Other,FALSE,POULTNEY,VT 30,2.8,Spring,532,851
2005,6,10,Deer - Adult Buck,Deer,TRUE,WATERBURY,I 89,66.5,Spring,533,852
2005,6,10,Deer - Adult Buck,Deer,TRUE,BARTON,I 91,160.1,Spring,533,853
2005,6,12,Deer - Adult Doe,Deer,TRUE,SWANTON,VT 78,2.4,Spring,533,854
2005,6,13,Deer - Adult Buck,Deer,TRUE,WILLIAMSTOWN,I 89,46.25,Spring,534,855
2005,6,13,Fox,Fox,TRUE,MILTON,I 89,104,Spring,534,856
2005,6,13,Deer - Adult Unknown,Deer,TRUE,MIDDLESEX,I 89,60.2,Spring,534,857
2005,6,13,Deer - Fawn Doe,Deer,TRUE,JAY,VT 105,8,Spring,534,858
2005,6,14,Woodchuck,Woodchuck,TRUE,FAIR HAVEN,US 4,2.8,Spring,536,859
2005,6,14,Fox,Fox,TRUE,BARNET,I 91,120,Spring,537,860
2005,6,14,Fox,Fox,TRUE,BARNET,I 91,120,Spring,537,860.1
2005,6,14,Porcupine,Porcupine,TRUE,CASTLETON,US 4,5.9,Spring,537,861
2005,6,14,Porcupine,Porcupine,TRUE,FAIR HAVEN,US 4,0.9,Spring,537,862
2005,6,15,Porcupine,Porcupine,TRUE,CASTLETON,VT 4A,5.3,Spring,537,863
2005,6,16,Deer - Fawn Doe,Deer,TRUE,ST. JOHNSBUR,I 91,130.5,Spring,537,864
2005,6,16,Raccoon,Raccoon,TRUE,IRA,VT 4A,0.9,Spring,537,865
2005,6,16,Rabbit,Rabbit,TRUE,FAIR HAVEN,VT 4A,2.2,Spring,537,866
2005,6,17,Beaver,Beaver,TRUE,BARNET,I 91,121,Spring,537,867
2005,6,17,Porcupine,Porcupine,TRUE,WEST HAVEN,VT 22A,2.6,Spring,537,868
2005,6,17,Woodchuck,Woodchuck,TRUE,IRA,VT 133,1.3,Spring,538,869
2005,6,17,Woodchuck,Woodchuck,TRUE,WELLS,VT 31,0.9,Spring,538,870
2005,6,19,Coyote,Coyote,TRUE,RANDOLPH,I 89,30.5,Spring,538,871
2005,6,20,Skunk,Skunk,TRUE,SWANTON,I 89,119.6,Spring,538,872
2005,6,20,Fox,Fox,TRUE,HIGHGATE,VT 78,5.3,Spring,538,873
2005,6,20,Fox,Fox,TRUE,SWANTON,VT 78,5.82,Spring,538,874
2005,6,20,Raccoon,Raccoon,TRUE,SWANTON,I 89,121.55,Spring,538,875
2005,6,20,Deer - Adult Doe,Deer,TRUE,WINDSOR,I 91,58.9,Spring,538,876
2005,6,20,Woodchuck,Woodchuck,TRUE,SHELDON,VT 105,2.8,Spring,539,877
2005,6,20,Skunk,Skunk,TRUE,ST. ALBANS T,VT 105,0,Spring,540,878
2005,6,20,Raccoon,Raccoon,TRUE,SHELDON,VT 105,3.8,Spring,540,879
2005,6,20,Beaver,Beaver,TRUE,HIGHGATE,I 89,125.85,Spring,540,880
2005,6,21,Deer - Adult Doe with Fawn,Deer,TRUE,READSBORO,VT 100,1.7,Summer,540,881
2005,6,21,Deer - Adult Doe,Deer,TRUE,SUDBURY,VT 30,2,Summer,541,882
2005,6,21,Deer - Adult Doe,Deer,TRUE,BETHEL,I 89,24.05,Summer,541,883
2005,6,21,Deer - Adult Unknown,Deer,TRUE,SUDBURY,VT 30,2,Summer,541,884
2005,6,21,Skunk,Skunk,TRUE,STAMFORD,VT 100,4.7,Summer,542,885
2005,6,21,Deer - Adult Doe,Deer,TRUE,SUDBURY,VT 30,2,Summer,544,886
2005,6,21,Deer - Adult Doe,Deer,TRUE,SUDBURY,VT 30,2,Summer,545,887
2005,6,22,Deer - Adult Unknown,Deer,TRUE,SUDBURY,VT 30,5,Summer,546,888
2005,6,23,Bear,Bear,TRUE,BERLIN,I 89,47,Summer,547,889
2005,7,6,Deer - Adult Doe,Deer,TRUE,CABOT,US 2,0.023,Summer,553,902
2005,7,11,Raccoon,Raccoon,TRUE,SHELDON,VT 105,3.14,Summer,558,903
2005,7,11,Raccoon,Raccoon,TRUE,SHELDON,VT 105,3.14,Summer,558,903.1
2005,7,11,Fox,Fox,TRUE,SHELDON,VT 105,2.35,Summer,558,904
2005,7,11,Skunk,Skunk,TRUE,SWANTON,I 89,118.85,Summer,558,905
2005,7,11,Raccoon,Raccoon,TRUE,HIGHGATE,US 7,1.5,Summer,558,906
2005,7,11,Deer - Adult Doe,Deer,TRUE,WINDSOR,I 91,56.3,Summer,558,907
2005,7,12,Deer - Adult Doe,Deer,TRUE,HARTLAND,I 91,62.5,Summer,559,908
2005,7,13,Deer - Adult Doe,Deer,TRUE,WINDSOR,I 91,54,Summer,560,909
2005,7,13,Moose,Moose,TRUE,RANDOLPH,I 89,34,Summer,560,910
2005,7,14,Deer - Adult Doe,Deer,TRUE,READSBORO,VT 8,0.01,Summer,561,911
2005,7,14,Deer - Adult Unknown,Deer,TRUE,ORWELL,VT 22A,0.2,Summer,561,912
2005,7,14,Moose,Moose,TRUE,WHITINGHAM,VT 100,10.3,Summer,561,913
2005,7,16,Moose,Moose,TRUE,LUNENBURG,US 2,2.2,Summer,563,914
2005,7,18,Turtle - snapper,Turtle,FALSE,WINDSOR,US 5,4,Summer,565,915
2005,7,19,Turtle - snapper,Turtle,FALSE,HARTLAND,US 5,4,Summer,566,916
2005,7,19,Deer - Adult Doe,Deer,TRUE,BERLIN,I 89,50,Summer,566,917
2005,7,20,Mink,Mink,TRUE,HARTLAND,I 91,61,Summer,567,918
2005,7,20,Fisher,Fisher,TRUE,HARTLAND,US 5,5,Summer,567,919
2005,7,21,Raccoon,Raccoon,TRUE,WINDSOR,I 91,55,Summer,568,920
2005,7,26,Deer - Adult Doe,Deer,TRUE,CABOT,US 2,0.4,Summer,573,921
2005,7,28,Bird - Unknown,Bird,FALSE,MARSHFIELD,US 2,8,Summer,575,922
2005,7,29,Raccoon,Raccoon,TRUE,HARTLAND,I 91,60.5,Summer,576,923
2005,8,1,Mink,Mink,TRUE,HARTLAND,I 91,60.8,Summer,579,924
2005,8,1,Raccoon,Raccoon,TRUE,WINDSOR,US 5,0.4,Summer,579,925
2005,8,1,Woodchuck,Woodchuck,TRUE,WINDSOR,US 5,1.5,Summer,579,926
2005,8,1,Deer - Fawn Doe,Deer,TRUE,WINDSOR,VT 44,0.7,Summer,579,927
2005,8,2,Deer - Fawn Doe,Deer,TRUE,HARTLAND,US 5,4.5,Summer,580,928
2005,8,2,Fox,Fox,TRUE,WINDSOR,I 91,57.5,Summer,580,929
2005,8,2,Deer - Fawn Buck,Deer,TRUE,HARTLAND,VT 12,6.2,Summer,580,930
2005,8,3,Deer - Fawn Doe,Deer,TRUE,HARTLAND,VT 12,6,Summer,581,931
2005,8,3,Deer - Adult Doe,Deer,TRUE,HARTLAND,I 91,64,Summer,581,932
2005,8,3,Raccoon,Raccoon,TRUE,HARTLAND,VT 12,5.1,Summer,581,933
2005,8,4,Raccoon,Raccoon,TRUE,WINDSOR,US 5,3.6,Summer,582,934
2005,8,4,Skunk,Skunk,TRUE,WINDSOR,US 5,1.1,Summer,582,935
2005,8,4,Fisher,Fisher,TRUE,BROOKFIELD,I 89,38.2,Summer,582,936
2005,8,19,Deer - Adult Doe,Deer,TRUE,SWANTON,I 89,118.8,Summer,597,937
2005,8,25,Deer - Fawn Doe,Deer,TRUE,WALLINGFORD,US 7,6.58,Summer,603,938
2005,9,5,Deer - Adult Doe,Deer,TRUE,WINDSOR,I 91,57.7,Summer,614,939
2005,9,6,Deer - Fawn Doe,Deer,TRUE,WINDSOR,I 91,54,Summer,615,940
2005,9,7,Skunk,Skunk,TRUE,HARTLAND,US 5,1.9,Summer,616,941
2005,9,8,Skunk,Skunk,TRUE,WINDSOR,US 5,2.4,Summer,617,942
2005,9,9,Skunk,Skunk,TRUE,WINDSOR,US 5,4,Summer,618,943
2005,9,9,Deer - Adult Buck,Deer,TRUE,WEATHERSFIEL,I 91,53.35,Summer,618,944
2005,9,12,Porcupine,Porcupine,TRUE,HARTLAND,VT 12,5.2,Summer,621,945
2005,9,18,Bear,Bear,TRUE,DERBY,I 91,175.25,Summer,627,946
2005,9,22,Moose,Moose,TRUE,CONCORD,US 2,6.4,Fall,631,947
2005,9,26,Deer - Adult Doe,Deer,TRUE,WINDSOR,I 91,57.7,Fall,635,948
2005,9,26,Skunk,Skunk,TRUE,HARTLAND,VT 12,5,Fall,635,949
2005,9,26,Skunk,Skunk,TRUE,WEST WINDSOR,VT 44,1.1,Fall,635,950
2005,9,27,Deer - Adult Unknown,Deer,TRUE,WHEELOCK,I 91,143.9,Fall,636,951
2005,9,27,Raccoon,Raccoon,TRUE,WINDSOR,VT 44A,0.6,Fall,636,952
2005,9,27,Skunk,Skunk,TRUE,WINDSOR,VT 44A,2.1,Fall,636,953
2005,9,28,Deer - Adult Doe,Deer,TRUE,HARTLAND,I 91,62.2,Fall,637,954
2005,9,28,Coyote,Coyote,TRUE,SWANTON,I 89,118.2,Fall,637,955
2005,9,28,Deer - Adult Buck,Deer,TRUE,WINDSOR,I 91,55.9,Fall,637,956
2005,10,10,Beaver,Beaver,TRUE,HARTLAND,VT 12,1.8,Fall,649,957
2005,10,10,Other,Other,FALSE,MORRISTOWN,VT 15,0.4,Fall,649,958
2005,10,10,Bird - Unknown,Bird,FALSE,MORRISTOWN,VT 15,0.8,Fall,649,959
2005,10,10,Moose,Moose,TRUE,ELMORE,VT 12,2.6,Fall,649,960
2005,10,11,Beaver,Beaver,TRUE,HARTLAND,VT 12,6.3,Fall,650,961
2005,10,12,Other,Other,TRUE,WINDSOR,US 5,3.6,Fall,651,962
2005,10,12,Deer - Adult Doe,Deer,TRUE,DERBY,I 91,168,Fall,651,963
2005,10,12,Muskrat,Muskrat,TRUE,MILTON,US 2,0,Fall,651,964
2005,10,12,Beaver,Beaver,TRUE,HARTLAND,I 91,60.3,Fall,651,965
2005,10,12,Beaver,Beaver,TRUE,MILTON,US 2,0,Fall,651,966
2005,10,12,Skunk,Skunk,TRUE,HARTLAND,US 5,6.1,Fall,651,967
2005,10,13,Skunk,Skunk,TRUE,WINDSOR,I 91,55.1,Fall,652,968
2005,10,13,Skunk,Skunk,TRUE,WEST WINDSOR,VT 44,4.2,Fall,652,969
2005,10,14,Skunk,Skunk,TRUE,READING,VT 106,1,Fall,653,970
2005,10,17,Deer - Adult Doe,Deer,TRUE,WATERFORD,I 93,6,Fall,656,971
2005,10,20,Deer - Adult Unknown,Deer,TRUE,HIGHGATE,I 89,126.5,Fall,659,972
2005,10,20,Deer - Adult Unknown,Deer,TRUE,HIGHGATE,I 89,124.6,Fall,659,973
2005,10,20,Deer - Adult Unknown,Deer,TRUE,HIGHGATE,VT 78,6.4,Fall,659,974
2005,10,20,Deer - Adult Doe,Deer,TRUE,SWANTON,I 89,122.85,Fall,659,975
2005,10,24,Bear,Bear,TRUE,SUNDERLAND,US 7,4.8,Fall,663,976
2005,10,25,Deer - Adult Buck,Deer,TRUE,RYEGATE,I 91,115.5,Fall,664,977
2005,11,2,Mink,Mink,TRUE,RYEGATE,I 91,114,Fall,671,978
2005,11,2,Mink,Mink,TRUE,NEWBURY,I 91,110.1,Fall,671,979
2005,11,2,Deer - Fawn Doe,Deer,TRUE,NEWBURY,US 302,2.19,Fall,671,980
2005,11,4,Bird - Chicken,Bird,FALSE,BARNET,I 91,119.4,Fall,673,981
2005,11,4,Deer - Adult Buck,Deer,TRUE,READSBORO,VT 100,2.22,Fall,673,982
2005,11,7,Deer - Adult Buck,Deer,TRUE,HIGHGATE,I 89,124.1,Fall,676,983
2005,11,7,Deer - Adult Doe,Deer,TRUE,HIGHGATE,I 89,124.1,Fall,676,984
2005,11,7,Deer - Adult Buck,Deer,TRUE,DERBY,I 91,172.75,Fall,676,985
2005,11,7,Bird - Chicken,Bird,FALSE,RYEGATE,I 91,111.55,Fall,676,986
2005,11,7,Moose,Moose,TRUE,READSBORO,VT 100,1.5,Fall,676,987
2005,11,8,Deer - Adult Doe,Deer,TRUE,WATERFORD,I 91,126.75,Fall,677,988
2005,11,8,Deer - Adult Doe,Deer,TRUE,LYNDON,I 91,137.9,Fall,677,989
2005,11,9,Deer - Adult Doe,Deer,TRUE,READSBORO,VT 100,2.22,Fall,678,990
2005,11,9,Deer - Adult Buck,Deer,TRUE,RYEGATE,I 91,111.2,Fall,678,991
2005,11,9,Deer - Adult Doe,Deer,TRUE,LYNDON,I 91,137.9,Fall,678,992
2005,11,11,Deer - Adult Buck,Deer,TRUE,SWANTON,I 89,121.1,Fall,680,993
2005,11,14,Deer - Adult Buck,Deer,TRUE,BERLIN,I 89,49.45,Fall,683,994
2005,11,15,Bear,Bear,TRUE,BOLTON,I 89,68.65,Fall,684,995
2005,11,17,Deer - Adult Buck,Deer,TRUE,HIGHGATE,I 89,126.5,Fall,686,996
2005,11,17,Deer - Adult Unknown,Deer,TRUE,HIGHGATE,I 89,124.35,Fall,686,997
2005,11,22,Moose,Moose,TRUE,HALIFAX,VT 112,3.25,Fall,691,998
2005,11,22,Deer - Adult Buck,Deer,TRUE,READSBORO,VT 100,2.22,Fall,691,999
2005,11,28,Deer - Adult Doe,Deer,TRUE,MIDDLESEX,I 89,57,Fall,697,1000
2005,11,28,Coyote,Coyote,TRUE,MIDDLESEX,I 89,55.25,Fall,697,1001
2005,11,28,Deer - Adult Doe,Deer,TRUE,WATERBURY,I 89,65,Fall,697,1002
2005,11,29,Moose,Moose,TRUE,WHITINGHAM,VT 100,9.9,Fall,698,1003
2005,11,30,Deer - Adult Doe,Deer,TRUE,MIDDLESEX,I 89,60.8,Fall,699,1004
2005,12,1,Deer - Fawn Doe,Deer,TRUE,COVENTRY,I 91,167.8,Fall,700,1005
2005,12,1,Deer - Adult Doe,Deer,TRUE,COVENTRY,I 91,167.8,Fall,700,1006
2005,12,4,Deer - Adult Doe,Deer,TRUE,SWANTON,VT 78,1.6,Fall,703,1007
2005,12,6,Deer - Adult Buck,Deer,TRUE,BERLIN,I 89,50.2,Fall,705,1008
2005,12,6,Deer - Adult Doe,Deer,TRUE,BARNET,I 91,121.1,Fall,705,1009
2005,12,6,Bird - Owl,Bird,FALSE,RYEGATE,I 91,115.15,Fall,705,1010
2005,12,11,Deer - Adult Doe,Deer,TRUE,DERBY,I 91,172,Fall,710,1011
2005,12,11,Deer - Adult Doe,Deer,TRUE,COVENTRY,I 91,167.8,Fall,710,1012
2005,12,12,Deer - Adult Buck,Deer,TRUE,WINDSOR,I 91,58.55,Fall,711,1013
2005,12,13,Deer - Adult Buck,Deer,TRUE,WINDSOR,I 91,59.75,Fall,712,1014
2005,12,14,Deer - Adult Doe,Deer,TRUE,WINDSOR,I 91,54,Fall,713,1015
2005,12,15,Other,Other,FALSE,WINDSOR,I 91,54,Fall,714,1016
2005,12,19,Other,Other,FALSE,WINDSOR,I 91,58,Fall,718,1017
2005,12,19,Deer - Adult Doe,Deer,TRUE,LUNENBURG,US 2,1.8,Fall,718,1018
2005,12,20,Fox,Fox,TRUE,WINDSOR,I 91,56,Fall,719,1019
2005,12,20,Other,Other,FALSE,WINDSOR,US 5,2.4,Fall,719,1020
2005,12,21,Muskrat,Muskrat,TRUE,HARTLAND,US 5,1.3,Winter,720,1021
2005,12,22,Fisher,Fisher,TRUE,WINDSOR,I 91,55,Winter,721,1022
2005,12,23,Weasel,Weasel,TRUE,WINDSOR,I 91,58,Winter,722,1023
2005,12,23,Deer - Adult Doe,Deer,TRUE,WATERFORD,I 93,5.95,Winter,722,1024
2005,12,26,Fisher,Fisher,TRUE,HARTLAND,US 5,5.5,Winter,725,1025
